REFERENCE 1;ARTICLE;CODE;CODE_SELECTION;QTE;DERNIER_PRIX_ACHAT_FACT;PRIX_REVIENT;Gros;PRIX_SOLDE_FACT;PRIX_MIN_FACT;REFERENCE 2;REFERENCE 3;REFERENCE 4;POIDS;CBM;CONDITIONNEMENT;QTE_STOCK_ALERTE;FOURNISSEUR;DATE_DERNIER_ACHAT_FACT;DATE_DERNIERE_VENTE_FACT;OK_BLOQUE_VENTE;NBRE_PHOTOS;Date créat. Article;Utilisateur;N°ARTICLE;N°LOT;
;TRANSAPORT HARBIN;00000002;          ;0;0;0;0;0;0;;;;0.1;0.01;;0;;;;N;0;27/05/2022 12:27:29;ADMIN          ;2;2;
;GRAVI;00000005;          ;0;0;0;0;0;0;;;;0.1;0.01;;0;;;;N;0;27/05/2022 12:32:57;ADMIN          ;5;5;
;RAMLA BANIAN;00000006;          ;0;0;0;0;0;0;;;;0.1;0.01;;0;;;;N;0;27/05/2022 12:38:50;ADMIN          ;6;6;
;RAMLA FINITION;00000007;          ;0;0;0;0;0;0;;;;0.1;0.01;;0;;;;N;0;27/05/2022 12:40:36;ADMIN          ;7;7;
;RDAM;00000008;          ;0;0;0;0;0;0;;;;0.1;0.01;;0;;;;N;0;27/05/2022 12:42:42;ADMIN          ;8;8;
;ROND ABETON 12===9BAR;00000009;          ;0;0;0;0;0;0;;;;0.1;0.01;;0;;;;N;0;27/05/2022 12:57:48;ADMIN          ;9;9;
;TRELLIS SOUDES 15*20;00000010;          ;0;0;0;0;0;0;;;;0.1;0.01;;0;;;;N;0;27/05/2022 13:00:37;ADMIN          ;10;10;
;TREILLIS SOUDES 320ML15*20 F3.3;00000011;          ;0;0;0;0;0;0;;;;0.1;0.01;;0;;;;N;0;27/05/2022 13:02:30;ADMIN          ;11;11;
;FIL DATTACHE KG;00000012;          ;0;0;0;0;0;0;;;;0.1;0.01;;0;;;;N;0;27/05/2022 13:03:52;ADMIN          ;12;12;
;TUBE ROND NOIRE;00000013;          ;0;0;0;0;0;0;;;;0.1;0.01;;0;;;;N;0;27/05/2022 13:06:16;ADMIN          ;13;13;
;TUBE CARRE;00000014;          ;0;0;0;0;0;0;;;;0.1;0.01;;0;;;;N;0;27/05/2022 13:07:44;ADMIN          ;14;14;
;POUTRELLE;00000016;          ;0;0;0;0;0;0;;;;0.1;0.01;;0;;;;N;0;28/05/2022 00:58:18;ADMIN          ;16;16;
;LA BRIQUE 30;00000017;          ;0;0;0;0;0;0;;;;0.1;0.01;;0;;;;N;0;28/05/2022 00:59:55;ADMIN          ;17;17;
;LA BRIQUE 60;00000018;          ;0;0;0;0;0;0;;;;0.1;0.01;;0;;;;N;0;28/05/2022 01:01:02;ADMIN          ;18;18;
;RETRO PAR HEURE;00000019;          ;0;0;0;0;0;0;;;;0.1;0.01;;0;;;;N;0;28/05/2022 01:08:58;ADMIN          ;19;19;
;EAUX CETERNA;00000022;          ;0;0;0;0;0;0;;;;0.1;0.01;;0;;;;N;0;16/09/2022 08:38:51;ADMIN          ;22;22;
;FERAIOUR;00000023;          ;0;0;0;0;0;0;;;;0.1;0.01;;0;;;;N;0;16/09/2022 08:50:02;ADMIN          ;23;23;
;MACON MAIN DEVER;00000025;          ;0;0;0;0;0;0;;;;0.1;0.01;;0;;;;N;0;16/09/2022 09:08:39;ADMIN          ;25;25;
;HADJRA CONSTROUI;00000026;          ;0;0;0;0;0;0;;;;0.1;0.01;;0;;;;N;0;16/09/2022 09:31:47;ADMIN          ;26;26;
;MIT AVB ENCASTREE;00000028;          ;0;0;0;0;0;0;;;;0.1;0.01;;0;;;;N;0;16/09/2022 11:28:02;ADMIN          ;28;28;
53227-3;DOUCHETT ENCASTREE GOLD;00000029;          ;0;0;0;0;0;0;;;;0.1;0.01;;0;;;;N;1;16/09/2022 11:28:35;ADMIN          ;29;29;
;CHASS ENCASTREE GREO;00000031;          ;0;0;0;0;0;0;;;;0.1;0.01;;0;;;;N;0;16/09/2022 11:30:26;ADMIN          ;31;31;
;FILTER PICIN D600;00000037;          ;0;0;0;0;0;0;;;;0.1;0.01;;0;;;;N;0;16/09/2022 11:39:35;ADMIN          ;37;37;
;TOUYOTRIER PICIN;00000038;          ;0;0;0;0;0;0;;;;0.1;0.01;;0;;;;N;0;16/09/2022 11:40:07;ADMIN          ;38;38;
;AMI AISSA;00000040;          ;0;0;0;0;0;0;;;;0.1;1;1.42;0;;;;N;0;16/09/2022 11:41:41;ADMIN          ;40;40;
;SIKA;00000042;          ;0;0;0;0;0;0;;;;0.1;0.01;;0;;;;N;0;16/09/2022 11:52:51;ADMIN          ;42;42;
;DINAR;00000043;          ;0;0;0;0;0;0;;;;0.1;0.01;;0;;;;N;0;16/09/2022 11:58:29;ADMIN          ;43;43;
;ROMBLE;00000044;          ;0;0;0;0;0;0;;;;0.1;0.01;;0;;;;N;0;20/09/2022 08:07:45;ADMIN          ;44;44;
;F PIEDRA MIX 1ER;00000048;          ;0;0;0;0;0;0;;;;0.1;0.01;;0;;;;N;0;15/07/2023 19:30:40;ADMIN          ;48;48;
;PANEAU DDS RAYON GRIS 45 1ER;00000049;          ;0;0;0;0;0;0;;;;0.1;0.01;;0;;;;N;0;15/07/2023 19:31:17;ADMIN          ;49;49;
;DDS AMELIA 45 1ER;00000050;          ;0;0;0;0;0;0;;;;0.1;0.01;12;0;;;;N;0;15/07/2023 19:40:35;ADMIN          ;50;50;
;DDS RAYON CAPPUCINO 45 1ER;00000051;          ;0;0;0;0;0;0;;;;0.1;0.01;;0;;;;N;0;15/07/2023 19:42:22;ADMIN          ;51;51;
;DDS RAYON 45 1ER;00000052;          ;0;0;0;0;0;0;;;;0.1;0.01;1;0;;;;N;0;16/07/2023 17:31:45;ADMIN          ;52;52;
;MIT CUIS GENEBRE RABATABLE C35;00000053;          ;0;0;0;0;0;0;;;;0.1;0.01;1;0;;;;N;0;16/07/2023 17:40:22;ADMIN          ;53;53;
;KIT DD ENC CA-901 CR-3FC MN;00000054;          ;0;0;0;0;0;0;;;;0.1;0.01;1;0;;;;N;0;16/07/2023 17:44:41;ADMIN          ;54;54;
;KIT DD ENC SPANE 3703 BLK;00000055;          ;0;0;0;0;0;0;;;;0.1;0.01;1;0;;;;N;0;16/07/2023 17:45:58;ADMIN          ;55;55;
;KIT DD ENC SPANE 6103 GOLD;00000056;          ;0;0;0;0;0;0;;;;0.1;0.01;1;0;;;;N;0;16/07/2023 17:47:05;ADMIN          ;56;56;
;MIT ENC WC CA-101 CR-2FC;00000057;          ;0;0;0;0;0;0;;;;0.1;0.01;1;0;;;;N;0;16/07/2023 17:48:37;ADMIN          ;57;57;
;DOUCHETTE D'ABL ENC SPANE LT 0721B BLACK;00000058;          ;0;0;0;0;0;0;;;;0.1;0.01;1;0;;;;N;0;16/07/2023 17:50:33;ADMIN          ;58;58;
;TAB SPANE INOX S920 C2 GOLD;00000059;          ;0;0;0;0;0;0;;;;0.1;0.01;1;0;;;;N;0;16/07/2023 17:51:55;ADMIN          ;59;59;
;TAB SPANE INOX S920 C2 BLK;00000060;          ;0;0;0;0;0;0;;;;0.1;0.01;1;0;;;;N;0;16/07/2023 17:52:47;ADMIN          ;60;60;
;TAB SPANE INOX S920 C2 CHR;00000061;          ;0;0;0;0;0;0;;;;0.1;0.01;1;0;;;;N;0;16/07/2023 17:53:41;ADMIN          ;61;61;
;P.SAVON SPANE WES 2046 GOLD 304;00000062;          ;0;0;0;0;0;0;;;;0.1;0.01;1;0;;;;N;0;16/07/2023 17:55:24;ADMIN          ;62;62;
;P.SAVON SPANE WES 2046 BLK 304;00000063;          ;0;0;0;0;0;0;;;;0.1;0.01;1;0;;;;N;0;16/07/2023 17:56:58;ADMIN          ;63;63;
;P.SAVON SPANE WES 2046 CHR 304;00000064;          ;0;0;0;0;0;0;;;;0.1;0.01;1;0;;;;N;0;16/07/2023 17:57:56;ADMIN          ;64;64;
;LAMPE DECOR ABTOP;00000094;          ;0;0;0;0;0;0;;;;0.1;0.01;1;0;;;;N;1;22/05/2024 03:45:19;ADMIN          ;94;94;
;RIZINE;00000101;          ;0;0;0;0;0;0;;;;0.1;0.01;1;0;;;;N;0;22/05/2024 05:46:12;ADMIN          ;101;101;
;PORTE EN FER PLASMA GRISE;00000102;          ;0;0;0;0;0;0;;;;0.1;0.01;;0;;;;N;0;22/05/2024 06:01:32;ADMIN          ;102;102;
;PORTE EN FER PLASMA GRISE 1.20M;00000103;          ;0;0;0;0;0;0;;;;0.1;0.01;1;0;;;;N;0;22/05/2024 06:02:20;ADMIN          ;103;103;
;PORTE EN FER PLASMA GRISE 1M;00000104;          ;0;0;0;0;0;0;;;;0.1;0.01;1;0;;;;N;0;22/05/2024 06:04:37;ADMIN          ;104;104;
;PORTE EN FER NOIRE 1.20M;00000105;          ;0;0;0;0;0;0;;;;0.1;0.01;1;0;;;;N;0;22/05/2024 06:06:12;ADMIN          ;105;105;
;PORTE EN FER PLASMA GRIS (TOUFIKE)1.20M;00000106;          ;0;0;0;0;0;0;;;;0.1;0.01;1;0;;;;N;0;22/05/2024 06:11:27;ADMIN          ;106;106;
;PORTE EN FER (DANDANI);00000107;          ;0;0;0;0;0;0;;;;0.1;0.01;;0;;;;N;0;22/05/2024 06:23:53;ADMIN          ;107;107;
;PORTE EN FER GRISE 1.5M  (DANDANI);00000108;          ;0;0;0;0;0;0;;;;0.1;0.01;1;0;;;;N;0;22/05/2024 06:25:09;ADMIN          ;108;108;
;PORTE EN FER BOIS MIELE 1M;00000109;          ;0;0;0;0;0;0;;;;0.1;0.01;1;0;;;;N;0;22/05/2024 06:34:07;ADMIN          ;109;109;
;PORTE DE CHOMPRE EN BOIS;00000110;          ;0;0;0;0;0;0;;;;0.1;0.01;1;0;;;;N;0;22/05/2024 06:37:27;ADMIN          ;110;110;
;PORTE DE CHOMBRE EN BOIS;00000111;          ;0;0;0;0;0;0;;;;0.1;0.01;1;0;;;;N;0;22/05/2024 06:40:05;ADMIN          ;111;111;
;PORTE FER EN BOIS;00000112;          ;0;0;0;0;0;0;;;;0.1;0.01;;0;;;;N;0;22/05/2024 06:42:11;ADMIN          ;112;112;
;PORTE FER EN BOIS MIELLE 1M;00000113;          ;0;0;0;0;0;0;;;;0.1;0.01;1;0;;;;N;0;22/05/2024 06:42:49;ADMIN          ;113;113;
;PORTE EN FER NOIRE 1.05M;00000114;          ;0;0;0;0;0;0;;;;0.1;0.01;1;0;;;;N;0;22/05/2024 06:44:56;ADMIN          ;114;114;
;PORTE EN FER BLAZMA ALIKO;00000115;          ;0;0;0;0;0;0;;;;0.1;0.01;1;0;;;;N;0;22/05/2024 06:46:41;ADMIN          ;115;115;
;PORTE FER ALIKO DORÉ 1.25M;00000116;          ;0;0;0;0;0;0;;;;0.1;0.01;1;0;;;;N;0;22/05/2024 06:56:08;ADMIN          ;116;116;
;PORTE BOIS ATHER 0.9M;00000117;          ;0;0;0;0;0;0;;;;0.1;0.01;1;0;;;;N;0;22/05/2024 06:58:11;ADMIN          ;117;117;
;PORTE FER EN BOIS DOUBLES;00000118;          ;0;0;0;0;0;0;;;;0.1;0.01;1;0;;;;N;0;22/05/2024 07:00:57;ADMIN          ;118;118;
;FFS DÉCOR LUX 2EME 30/90;00000119;          ;0;0;0;0;0;0;;;;0.1;0.01;1;0;;;;N;0;23/05/2024 06:00:13;ADMIN          ;119;119;
;FFS MOTIFE DÉCORE LUX 2EME 30/90;00000120;          ;0;0;0;0;0;0;;;;0.1;0.01;1;0;;;;N;0;23/05/2024 06:08:04;ADMIN          ;120;120;
;FFS MOTIFE KORSO CÉRAM 2EM 30/90;00000121;          ;0;0;0;0;0;0;;;;0.1;0.01;1;0;;;;N;0;23/05/2024 06:14:06;ADMIN          ;121;121;
;FFS MOTIFE BEIJE 2EME 25/75;00000122;          ;0;0;0;0;0;0;;;;0.1;0.01;1;0;;;;N;0;23/05/2024 06:17:17;ADMIN          ;122;122;
;FOSE BIARE 1ER 0.81M;00000123;          ;0;0;0;0;0;0;;;;0.1;0.01;1;0;;;;N;0;23/05/2024 06:21:16;ADMIN          ;123;123;
;FOSE BIARE 1ER 0.81;00000124;          ;0;0;0;0;0;0;;;;0.1;0.01;1;0;;;;N;0;23/05/2024 06:28:41;ADMIN          ;124;124;
;B BLACK DECORE 2EME 0.72M;00000125;          ;0;0;0;0;0;0;;;;0.1;0.01;1;0;;;;N;0;23/05/2024 06:41:20;ADMIN          ;125;125;
;MIX 1ER 0.81M;00000126;          ;0;0;0;0;0;0;;;;0.1;0.01;1;0;;;;N;0;23/05/2024 06:44:02;ADMIN          ;126;126;
;HACHIA PISCINE;00000127;          ;0;0;0;0;0;0;;;;0.1;0.01;1;0;;;;N;0;23/05/2024 07:07:56;ADMIN          ;127;127;
;LAVABO SYSPONDÉE;00000128;          ;0;0;0;0;0;0;;;;0.1;0.01;1;0;;;;N;0;24/05/2024 19:57:34;ADMIN          ;128;128;
;LAVABO AVEC PIED;00000129;          ;0;0;0;0;0;0;;;;0.1;0.01;1;0;;;;N;0;24/05/2024 20:02:32;ADMIN          ;129;129;
;FENETRE TPR;00000130;          ;0;0;0;0;0;0;;;;0.1;0.01;;0;;;;N;0;24/05/2024 20:03:51;ADMIN          ;130;130;
;FENETRE TPR 1.07M/1.27M;00000131;          ;0;0;0;0;0;0;;;;0.1;0.01;1;0;;;;N;0;24/05/2024 20:05:14;ADMIN          ;131;131;
;CUVETE MONOBLOQUE;00000132;          ;0;0;0;0;0;0;;;;0.1;0.01;1;0;;;;N;0;24/05/2024 20:07:17;ADMIN          ;132;132;
;CUVETE SUSPONDU;00000133;          ;0;0;0;0;0;0;;;;0.1;0.01;1;0;;;;N;0;24/05/2024 20:16:45;ADMIN          ;133;133;
;LAVABO MEBLEÉ;00000134;          ;0;0;0;0;0;0;;;;0.1;0.01;1;0;;;;N;0;24/05/2024 20:18:24;ADMIN          ;134;134;
;ÉVIE CUISINE;00000135;          ;0;0;0;0;0;0;;;;0.1;0.01;1;0;;;;N;0;24/05/2024 20:19:24;ADMIN          ;135;135;
;MAYA 2 (2EM) BEIGE MARBERIE 60/20;00000136;          ;0;0;0;0;0;0;;;;0.1;0.01;1;0;;;;N;0;25/05/2024 00:08:34;ADMIN          ;136;136;
;MAY 3 (2EM) MARRON MARBERIE 60/120;00000137;          ;0;0;0;0;0;0;;;;0.1;0.01;1;0;;;;N;0;25/05/2024 00:11:49;ADMIN          ;137;137;
;PACIFIC BLEU 2EM BLANC BLEU 60/120;00000138;          ;0;0;0;0;0;0;;;;0.1;0.01;1;0;;;;N;0;25/05/2024 00:13:22;ADMIN          ;138;138;
;GRANIT GRAY 2EM GRIS 60/120;00000139;          ;0;0;0;0;0;0;;;;0.1;0.01;1;0;;;;N;0;25/05/2024 00:14:45;ADMIN          ;139;139;
;ASTRA BLACK 2EM NOIR 60/120;00000140;          ;0;0;0;0;0;0;;;;0.1;0.01;1;0;;;;N;0;25/05/2024 00:17:08;ADMIN          ;140;140;
;MAGMA GRAY 2EM GRIS 60/120;00000141;          ;0;0;0;0;0;0;;;;0.1;0.01;1;0;;;;N;0;25/05/2024 00:18:30;ADMIN          ;141;141;
;MAYA 1 2EM GRIS MARBERIE 60/120;00000142;          ;0;0;0;0;0;0;;;;0.1;0.01;1;0;;;;N;0;25/05/2024 00:19:43;ADMIN          ;142;142;
;TABLA FAYONSE 1ER GRIS 60/120;00000143;          ;0;0;0;0;0;0;;;;0.1;0.01;1;0;;;;N;0;25/05/2024 00:21:10;ADMIN          ;143;143;
;ISLAND GRAY 1ER GRIS 60/120;00000144;          ;0;0;0;0;0;0;;;;0.1;0.01;1;0;;;;N;0;25/05/2024 00:23:14;ADMIN          ;144;144;
;LABRADOR 1ER GRIS 60/120;00000145;          ;0;0;0;0;0;0;;;;0.1;0.01;;0;;;;N;0;25/05/2024 00:30:52;ADMIN          ;145;145;
;LABRADOR BLEU 1ER GRIS F 60/120;00000146;          ;0;0;0;0;0;0;;;;0.1;0.01;1;0;;;;N;0;25/05/2024 00:33:37;ADMIN          ;146;146;
;OSCAR 2EM GRIS 45/45;00000147;          ;0;0;0;0;0;0;;;;0.1;0.01;1;0;;;;N;0;25/05/2024 00:34:45;ADMIN          ;147;147;
;AMÉLIA 1ER GRIS DORI 45/45;00000148;          ;0;0;0;0;0;0;;;;0.1;0.01;1;0;;;;N;0;25/05/2024 00:40:51;ADMIN          ;148;148;
;ARICI 1ER BEIGE MARBERIE 45/45;00000149;          ;0;0;0;0;0;0;;;;0.1;0.01;1;0;;;;N;0;25/05/2024 00:43:22;ADMIN          ;149;149;
;ROMA CH 1ER MARRON 45/45;00000150;          ;0;0;0;0;0;0;;;;0.1;0.01;1;0;;;;N;0;25/05/2024 00:44:40;ADMIN          ;150;150;
;ARCELLA GRAY 2EME GRIS 33/33;00000151;          ;0;0;0;0;0;0;;;;0.1;0.01;1;0;;;;N;0;25/05/2024 00:46:31;ADMIN          ;151;151;
;CANYON PERLA 2EME BEIGE 33/33;00000152;          ;0;0;0;0;0;0;;;;0.1;0.01;1;0;;;;N;0;25/05/2024 00:47:49;ADMIN          ;152;152;
;NEST GRIS 2EME GRIS 33/33;00000153;          ;0;0;0;0;0;0;;;;0.1;0.01;1;0;;;;N;0;25/05/2024 00:49:52;ADMIN          ;153;153;
;OSCAR 2EME BEIGE 45/45;00000154;          ;0;0;0;0;0;0;;;;0.1;0.01;1;0;;;;N;0;25/05/2024 00:51:28;ADMIN          ;154;154;
;HAVANA GRAY 2EME BLANC MARBERIE 45/90;00000155;          ;0;0;0;0;0;0;;;;0.1;0.01;1;0;;;;N;0;25/05/2024 00:53:36;ADMIN          ;155;155;
;STYLE NOIR 2EME (NOIR MARBERIE ) 45/90;00000156;          ;0;0;0;0;0;0;;;;0.1;0.01;1;0;;;;N;0;25/05/2024 00:59:13;ADMIN          ;156;156;
;ELIGENCE NOIR 2EME NOIR MARBERIE 45/90;00000157;          ;0;0;0;0;0;0;;;;0.1;0.01;1;0;;;;N;0;25/05/2024 01:04:33;ADMIN          ;157;157;
;VIROK BLACK 2EME NOIR DORI 60/120;00000158;          ;0;0;0;0;0;0;;;;0.1;0.01;1;0;;;;N;0;25/05/2024 01:06:48;ADMIN          ;158;158;
;OSCAR WHITE 2EME BLANCK 45/45;00000159;          ;0;0;0;0;0;0;;;;0.1;0.01;1;0;;;;N;0;25/05/2024 01:09:08;ADMIN          ;159;159;
;RAYON CAPRISE 1ER BEIGE CLAIRE  45/45;00000160;          ;0;0;0;0;0;0;;;;0.1;0.01;1;0;;;;N;0;25/05/2024 01:12:35;ADMIN          ;160;160;
;RAYON GRIS 1ER GRIS SOURIS 45/45;00000161;          ;0;0;0;0;0;0;;;;0.1;0.01;1;0;;;;N;0;25/05/2024 01:15:27;ADMIN          ;161;161;
;RAYON GRIS 1ER GRIS SOURIS 45/45;00000162;          ;0;0;0;0;0;0;;;;0.1;0.01;1;0;;;;N;0;25/05/2024 05:01:09;ADMIN          ;162;162;
;PIRADOR BROWEN 1ER 60/60;00000163;          ;0;0;0;0;0;0;;;;0.1;0.01;1;0;;;;N;0;25/05/2024 05:02:57;ADMIN          ;163;163;
;ARSSILA 2EME GRIS 33/33;00000164;          ;0;0;0;0;0;0;;;;0.1;0.01;1;0;;;;N;0;25/05/2024 05:08:13;ADMIN          ;164;164;
;LINORA DÉCORÉ 2EME 30/90;00000165;          ;0;0;0;0;0;0;;;;0.1;0.01;1;0;;;;N;0;25/05/2024 05:13:00;ADMIN          ;165;165;
;HAWAI PERLA 2EME 30/90;00000166;          ;0;0;0;0;0;0;;;;0.1;0.01;1;0;;;;N;0;25/05/2024 05:16:03;ADMIN          ;166;166;
;LINDRA 2EME 30/90;00000167;          ;0;0;0;0;0;0;;;;0.1;0.01;1;0;;;;N;0;25/05/2024 05:18:14;ADMIN          ;167;167;
;F/CUISINE KAPOCHINO 2EME 25/75;00000168;          ;0;0;0;0;0;0;;;;0.1;0.01;1;0;;;;N;0;25/05/2024 05:20:52;ADMIN          ;168;168;
;F/CUISINE BLANC 2EME 25/75;00000169;          ;0;0;0;0;0;0;;;;0.1;0.01;1;0;;;;N;0;25/05/2024 05:26:02;ADMIN          ;169;169;
;STYLE MARBERIE 2EME 25/75;00000170;          ;0;0;0;0;0;0;;;;0.1;0.01;1;0;;;;N;0;25/05/2024 05:28:07;ADMIN          ;170;170;
;CANYON PERLA F BEIGE 1ER 30/60;00000171;          ;0;0;0;0;0;0;;;;0.1;0.01;1;0;;;;N;0;25/05/2024 05:29:38;ADMIN          ;171;171;
;SPACE BLEU 2EME 45/90;00000172;          ;0;0;0;0;0;0;;;;0.1;0.01;1;0;;;;N;0;25/05/2024 05:33:22;ADMIN          ;172;172;
;CUISINA;00000173;          ;0;0;0;0;0;0;;;;0.1;0.01;1;0;;;;N;0;25/05/2024 05:34:58;ADMIN          ;173;173;
;MARBRE;00000174;          ;0;0;0;0;0;0;;;;0.1;0.01;1;0;;;;N;0;25/05/2024 05:36:56;ADMIN          ;174;174;
;ÉLECTRO MÉNAGE;00000175;          ;0;0;0;0;0;0;;;;0.1;0.01;1;0;;;;N;0;25/05/2024 05:38:46;ADMIN          ;175;175;
;ÉVIE;00000176;          ;0;0;0;0;0;0;;;;0.1;0.01;1;0;;;;N;0;25/05/2024 05:40:02;ADMIN          ;176;176;
;ALTERNATIVE AU BOIS BLANC;00000179;          ;0;0;0;0;0;0;;;;0.1;0.01;1;0;;;;N;0;25/05/2024 21:53:00;ADMIN          ;179;179;
;PASSTA ROSA SPAIN;00000184;          ;0;0;0;0;0;0;;;;0.1;0.01;1;0;;;;N;0;25/05/2024 22:48:24;ADMIN          ;189;189;
;PASSTA MAVILE SPAIN;00000185;          ;0;0;0;0;0;0;;;;0.1;0.01;1;0;;;;N;0;25/05/2024 22:50:14;ADMIN          ;190;190;
;PASSTA ROKHO SPAIN;00000186;          ;0;0;0;0;0;0;;;;0.1;0.01;1;0;;;;N;0;25/05/2024 22:51:21;ADMIN          ;191;191;
;PASTA GRIS FONCÉ LOKAL;00000187;          ;0;0;0;0;0;0;;;;0.1;0.01;1;0;;;;N;0;25/05/2024 22:52:17;ADMIN          ;192;192;
;PASTA GRIS CLAIRE LOCAL;00000188;          ;0;0;0;0;0;0;;;;0.1;0.01;1;0;;;;N;0;25/05/2024 22:53:39;ADMIN          ;193;193;
;PASSTA SOUCOUCH LOCAL;00000189;          ;0;0;0;0;0;0;;;;0.1;0.01;1;0;;;;N;0;25/05/2024 22:58:03;ADMIN          ;194;194;
;PASSTA HADJRA MARVILE;00000191;          ;0;0;0;0;0;0;;;;0.1;0.01;1;0;;;;N;0;25/05/2024 23:17:51;ADMIN          ;196;196;
;PASSTA HADJRA ROKHO;00000192;          ;0;0;0;0;0;0;;;;0.1;0.01;1;0;;;;N;0;25/05/2024 23:21:05;ADMIN          ;197;197;
;BAGITTE SÉP COUANT;00000196;          ;0;0;0;0;0;0;;;;0.1;0.01;1;0;;;;N;0;25/05/2024 23:36:41;ADMIN          ;201;201;
;DOUCHETTE D'ABL ENC SPANE LT 0721B BLACK;00000197;          ;0;0;0;0;0;0;;;;0.1;0.01;1;0;;;;N;0;26/05/2024 04:48:23;ADMIN          ;202;202;
;DOUCHETTE D'ABL ENC SPANE LT 0721C CHR;00000198;          ;0;0;0;0;0;0;;;;0.1;0.01;1;0;;;;N;0;26/05/2024 04:51:22;ADMIN          ;203;203;
;DOUCHETTE D'ABL ENC SPANE LT 0721 G GOLD;00000199;          ;0;0;0;0;0;0;;;;0.1;0.01;1;0;;;;N;0;26/05/2024 04:53:41;ADMIN          ;204;204;
;DDS 45*45 DECOR ROCK STAR GRIS DARK 2EME;00000200;          ;0;0;0;0;0;0;;;;0.1;0.01;1;0;;;;N;0;26/05/2024 05:15:03;ADMIN          ;205;205;
;DALA (90*45) 2EME RIC 54*1.21;00000201;          ;0;0;0;0;0;0;;;;0.1;0.01;1;0;;;;N;0;26/05/2024 05:29:21;ADMIN          ;206;206;
;DDS NOOR CREMA 60*60 2EME ROYAL;00000202;          ;0;0;0;0;0;0;;;;0.1;0.01;1;0;;;;N;0;26/05/2024 05:41:59;ADMIN          ;207;207;
;LINA DARK BROWN 25*75 2EME ROYAL;00000203;          ;0;0;0;0;0;0;;;;0.1;0.01;1;0;;;;N;0;27/05/2024 23:08:22;ADMIN          ;208;208;
;LINA LIGHT BROWN 25*75 2EME ROYAL;00000204;          ;0;0;0;0;0;0;;;;0.1;0.01;1;0;;;;N;0;27/05/2024 23:23:40;ADMIN          ;209;209;
;LINA DARK BROWN 25*75 2EME ROYAL;00000205;          ;0;0;0;0;0;0;;;;0.1;0.01;1;0;;;;N;0;27/05/2024 23:31:32;ADMIN          ;210;210;
;LINA LIGHT BROWN 25*75 2EME ROYAL;00000206;          ;0;0;0;0;0;0;;;;0.1;0.01;1;0;;;;N;0;27/05/2024 23:32:57;ADMIN          ;211;211;
;NOOR GRIS 60*60 2EME ROYAL;00000207;          ;0;0;0;0;0;0;;;;0.1;0.01;1;0;;;;N;0;27/05/2024 23:34:03;ADMIN          ;212;212;
;NOOR GRIS 60*60 2EME ROYAL;00000208;          ;0;0;0;0;0;0;;;;0.1;0.01;1;0;;;;N;0;27/05/2024 23:37:08;ADMIN          ;213;213;
;LINA BROWN DECORE 25*75 ROYAL;00000209;          ;0;0;0;0;0;0;;;;0.1;0.01;1;0;;;;N;0;27/05/2024 23:39:26;ADMIN          ;214;214;
;NOOR CREMA 60*60 2EME ROYAL;00000210;          ;0;0;0;0;0;0;;;;0.1;0.01;1;0;;;;N;0;27/05/2024 23:42:56;ADMIN          ;215;215;
;NOOR GRIS 60*60 2EME ROYAL;00000211;          ;0;0;0;0;0;0;;;;0.1;0.01;1;0;;;;N;0;27/05/2024 23:44:04;ADMIN          ;216;216;
;EVORA CREMA 45*45;00000212;          ;0;0;0;0;0;0;;;;0.1;0.01;1;0;;;;N;0;27/05/2024 23:45:09;ADMIN          ;217;217;
;EVORA GRIS 45*45 SEK;00000213;          ;0;0;0;0;0;0;;;;0.1;0.01;1;0;;;;N;0;27/05/2024 23:46:33;ADMIN          ;218;218;
;PANNEAUX NOOR CREMA 60*60 ROYAL;00000214;          ;0;0;0;0;0;0;;;;0.1;0.01;1;0;;;;N;0;27/05/2024 23:47:36;ADMIN          ;219;219;
;ADOUCISSEUR 2 M3/H 20L RESINE (935);00000215;          ;1;61000;61000;85000;0;80000;;;;0.1;0.01;1;0;;28/05/2024;;N;0;28/05/2024 04:50:25;ADMIN          ;220;220;
;VASE D'EXPANSION 35L 3/4 VPROTHERM 10BAR TURK;00000216;          ;1;15600;15600;33000;0;30000;;;;0.1;0.01;1;0;;28/05/2024;;N;0;28/05/2024 05:02:32;ADMIN          ;221;221;
;VANNE D'ARRET 33/42 1.1/4 PN 20;00000217;          ;4;2538;2538;4000;0;3500;;;;0.1;0.01;1;0;;28/05/2024;;N;0;28/05/2024 05:04:12;ADMIN          ;222;222;
;LEO POMPE VIDE CAVE STK 50 F;00000218;          ;1;9600;9600;14500;0;14000;;;;0.1;0.01;1;0;;28/05/2024;;N;0;28/05/2024 05:05:24;ADMIN          ;223;223;
;ELECTROVANNE HARVERS 33/42 + 1.1/4 BOBIN 220V;00000219;          ;1;25920;25920;37000;0;36000;;;;0.1;0.01;1;0;;28/05/2024;;N;0;28/05/2024 05:09:03;ADMIN          ;224;224;
;ATLAS FILRE BIG 20 CRESTAUX TRANS;00000220;          ;0;0;0;28004;0;2100;;;;0.1;0.01;1;0;;;;N;0;28/05/2024 05:17:28;ADMIN          ;225;225;
;ATLAS FILTRE BIG 20 FIL TRANSP;00000221;          ;0;0;0;28000;0;2100;;;;0.1;0.01;1;0;;;;N;0;28/05/2024 05:18:43;ADMIN          ;226;226;
;ACCELERATEUR DAB 33/42 A50X 180X6M GRAND DEBIT;00000222;          ;2;29500;29500;45000;0;42000;;;;0.1;0.01;1;0;;28/05/2024;;N;0;28/05/2024 22:15:55;ADMIN          ;227;227;
;COLLECTEUR 33/42 PPR BT;00000223;          ;1;10500;10500;22000;0;21000;;;;0.1;0.01;1;0;;28/05/2024;;N;0;28/05/2024 22:19:56;ADMIN          ;228;228;
;ELECTRO VANNE 33/42 TURK;00000224;          ;1;25600;25600;38000;0;37000;;;;0.1;0.01;1;0;;28/05/2024;;N;0;28/05/2024 22:21:11;ADMIN          ;229;229;
;ITAP VENTOUS 15/21 CR DROIT;00000225;          ;2;850;850;1750;0;1650;;;;0.1;0.01;1;0;;28/05/2024;;N;0;28/05/2024 22:28:10;ADMIN          ;230;230;
;SOUPAPE DE SECURITE 1/2 03 BAR + MANO;00000226;          ;1;800;800;1800;0;1500;;;;0.1;0.01;1;0;;28/05/2024;;N;0;28/05/2024 22:30:51;ADMIN          ;231;231;
;MANO SEC D 53/12/16 BAR H;00000227;          ;1;400;400;1500;0;700;;;;0.1;0.01;1;0;;28/05/2024;;N;0;28/05/2024 22:32:36;ADMIN          ;232;232;
;THERMOMETRE IMMIER 120 DROIT BR;00000228;          ;1;2650;2650;4500;0;3500;;;;0.1;0.01;1;0;;28/05/2024;;N;0;28/05/2024 22:34:53;ADMIN          ;233;233;
;PC RAC COMPTEUR 06/20 LANGS;00000229;          ;1;450;450;1450;0;1350;;;;0.1;0.01;1;0;;28/05/2024;;N;0;28/05/2024 22:35:57;ADMIN          ;234;234;
;PPR VANNE SPH 63 BLANC;00000230;          ;10;2850;2850;4500;0;3500;;;;0.1;0.01;1;0;;28/05/2024;;N;0;28/05/2024 22:41:32;ADMIN          ;235;235;
;BARRE PROFILE B 10 2CM GRIS;00000231;          ;15;880;880;2500;0;2400;;;;0.1;0.01;1;0;;28/05/2024;;N;0;28/05/2024 23:35:37;ADMIN          ;236;236;
;BARRE PROFILE B 10 2CM NOIR;00000232;          ;10;1050;1050;2500;0;2300;;;;0.1;0.01;1;0;;28/05/2024;;N;0;28/05/2024 23:37:18;ADMIN          ;237;237;
;BARRE PROFILE B 10 2CM DORE;00000233;          ;10;1050;1050;2500;0;2300;;;;0.1;0.01;1;0;;28/05/2024;;N;0;28/05/2024 23:38:45;ADMIN          ;238;238;
;RUBAN LED BLANC 220V;00000234;          ;100;190;190;280;0;240;;;;0.1;0.01;1;0;;28/05/2024;;N;0;28/05/2024 23:40:48;ADMIN          ;239;239;
;RUBAN LED JAUN 220V;00000235;          ;100;190;190;280;0;240;;;;0.1;0.01;1;0;;28/05/2024;;N;0;28/05/2024 23:41:35;ADMIN          ;240;240;
;FICHE LED PROFILE 220V;00000236;          ;30;120;120;350;0;300;;;;0.1;0.01;1;0;;28/05/2024;;N;0;28/05/2024 23:46:27;ADMIN          ;241;241;
;ATLAS FILRE BIG 20 CRESTAUX TRANS;00000237;          ;1;21000;21000;35000;0;31000;;;;0.1;0.01;1;0;;28/05/2024;;N;0;28/05/2024 23:49:45;ADMIN          ;242;242;
;ATLAS FILTRE BIG 20 FIL TRANSP;00000238;          ;1;13500;13500;25000;0;22000;;;;0.1;0.01;1;0;;28/05/2024;;N;0;28/05/2024 23:51:45;ADMIN          ;243;243;
;PIC ECHANG CHALT TUB 25KW TITAN BOWMN;00000239;          ;1;89000;89000;12000;0;10000;;;;0.1;0.01;1;0;;28/05/2024;;N;0;28/05/2024 23:54:22;ADMIN          ;244;244;
;LEO POMPE SPA LSPA 1300W;00000240;          ;1;35000;35000;45000;0;42000;;;;0.1;0.01;1;0;;28/05/2024;;N;0;28/05/2024 23:56:04;ADMIN          ;245;245;
;PIC BOUCHE DE REFOULEMENT GMS FILTER 04131T 7M/H;00000241;          ;1;1200;1200;2500;0;2400;;;;0.1;0.01;1;0;;28/05/2024;;N;0;28/05/2024 23:58:01;ADMIN          ;246;246;
;PIC BOUCHE REFOU DE FOND 50 FILTE GMS 04132TC;00000242;          ;10;1800;1800;3500;0;3200;;;;0.1;0.01;1;0;;28/05/2024;;N;0;29/05/2024;ADMIN          ;247;247;
;CHOUDIER INERGICAL 36 VENTES;00000243;          ;2;140000;140000;180000;0;160000;;;;0.1;0.01;1;0;;28/05/2024;;N;0;29/05/2024 00:12:54;ADMIN          ;248;248;
;SPOT 18W COB;00000244;          ;28;1050;1050;1450;0;1300;;;;0.1;0.01;1;0;;28/05/2024;;N;0;29/05/2024 00:18:23;ADMIN          ;249;249;
;SPOT CRICTAL 81226;00000245;          ;80;750;750;1125;0;1100;;;;0.1;0.01;1;0;;28/05/2024;;N;0;29/05/2024 03:31:12;ADMIN          ;250;250;
;SPOT CRISTAL 69502;00000246;          ;80;750;750;1125;0;1110;;;;0.1;0.01;1;0;;28/05/2024;;N;0;29/05/2024 03:34:08;ADMIN          ;251;251;
;TRANSFO ETONCH 100W 12V;00000247;          ;1;7500;7500;11200;0;11000;;;;0.1;0.01;1;0;;28/05/2024;;N;0;29/05/2024 03:35:28;ADMIN          ;252;252;
;SPOT ETANCHE 3LED 12V BLANC;00000248;          ;12;1650;1650;2400;0;2300;;;;0.1;0.01;1;0;;28/05/2024;;N;0;29/05/2024 03:39:22;ADMIN          ;253;253;
;SPOT ETANCHE 1W JAN 220;00000249;          ;6;1300;1300;1900;0;1700;;;;0.1;0.01;1;0;;28/05/2024;;N;0;29/05/2024 03:41:53;ADMIN          ;254;254;
;SPOT ETANCHE 3W BLANC 220V;00000250;          ;3;1600;1600;2400;0;2200;;;;0.1;0.01;1;0;;28/05/2024;;N;0;29/05/2024 03:43:10;ADMIN          ;255;255;
;DITECTER PIANO;00000251;          ;2;17200;17200;25800;0;25000;;;;0.1;0.01;1;0;;28/05/2024;;N;0;29/05/2024 03:44:25;ADMIN          ;256;256;
;PROFILI LED 3M BIO;00000252;          ;20;1350;1350;2500;0;1799.96;;;;0.1;0.01;1;0;;28/05/2024;;N;0;29/05/2024 03:46:45;ADMIN          ;257;257;
;PROFILII LED 3M BLACK;00000253;          ;10;900;900;2500;0;2100;;;;0.1;0.01;1;0;;28/05/2024;;N;0;29/05/2024 04:05:52;ADMIN          ;258;258;
;PROFILI LED 3M GOLED;00000254;          ;10;900;900;2500;0;2100;;;;0.1;0.01;1;0;;28/05/2024;;N;0;29/05/2024 04:06:38;ADMIN          ;259;259;
;PROFILI LED 3M SILVER;00000255;          ;10;680;680;2500;0;2000;;;;0.1;0.01;1;0;;28/05/2024;;N;0;29/05/2024 04:07:21;ADMIN          ;260;260;
;PROFILI LED 3M BRONZ;00000256;          ;10;900;900;2500;0;2000;;;;0.1;0.01;1;0;;28/05/2024;;N;0;29/05/2024 04:08:22;ADMIN          ;261;261;
;SPOT CRISTAL C1404;00000257;          ;30;1350;1350;2000;0;1900;;;;0.1;0.01;1;0;;28/05/2024;;N;0;29/05/2024 04:10:05;ADMIN          ;262;262;
;SPOT CARCAS IP;00000258;          ;100;320;320;450;0;400;;;;0.1;0.01;1;0;;28/05/2024;;N;0;29/05/2024 04:11:11;ADMIN          ;263;263;
;SPOT CARCAS IP PHOMSI;00000259;          ;50;450;450;670;0;500;;;;0.1;0.01;1;0;;28/05/2024;;N;0;29/05/2024 04:13:31;ADMIN          ;264;264;
;DOUILLE G10;00000260;          ;200;75;75;120;0;80;;;;0.1;0.01;1;0;;28/05/2024;;N;0;29/05/2024 04:14:27;ADMIN          ;265;265;
;LAMPE LED G10 9W BL;00000261;          ;100;320;320;480;0;420;;;;0.1;0.01;1;0;;28/05/2024;;N;0;29/05/2024 04:15:44;ADMIN          ;266;266;
;LAMPE LED G 10 9W JN;00000262;          ;100;320;320;480;0;450;;;;0.1;0.01;1;0;;28/05/2024;;N;0;29/05/2024 04:16:59;ADMIN          ;267;267;
;APPLIQUE LED A98;00000263;          ;2;3500;3500;5000;0;4000;;;;0.1;0.01;1;0;;28/05/2024;;N;0;29/05/2024 04:22:56;ADMIN          ;268;268;
;APPLIQUE LED DL 1325;00000264;          ;3;3400;3400;5000;0;4000;;;;0.1;0.01;1;0;;28/05/2024;;N;0;29/05/2024 04:34:38;ADMIN          ;269;269;
;SPOT APPARENT 15W ROND;00000265;          ;40;1150;1150;1700;0;1500;;;;0.1;0.01;1;0;;28/05/2024;;N;0;29/05/2024 04:37:29;ADMIN          ;270;270;
;RUBAN 5M 400K 12V 240 LED;00000266;          ;6;2450;2450;3600;0;3200;;;;0.1;0.01;1;0;;28/05/2024;;N;0;29/05/2024 04:39:39;ADMIN          ;271;271;
;TRANSFO 12 V 16.6 A 200W;00000267;          ;3;2700;2700;4000;0;3900;;;;0.1;0.01;1;0;;28/05/2024;;N;0;29/05/2024 04:45:57;ADMIN          ;272;272;
;CARCAS DE SPOT CARR IP N;00000268;          ;50;320;320;480;0;450;;;;0.1;0.01;1;0;;28/05/2024;;N;0;29/05/2024 04:46:47;ADMIN          ;273;273;
;TRANSFO 12V 33 A 400W;00000269;          ;2;5800;5800;8700;0;8500;;;;0.1;0.01;1;0;;28/05/2024;;N;0;29/05/2024 04:47:35;ADMIN          ;274;274;
;MAIN COURANTE LA RESINE 4M MARRON;00000270;          ;0;0;0;0;0;0;;;;0.1;0.01;1;0;;;;N;0;29/05/2024 21:35:48;ADMIN          ;275;275;
;DEPART ROMPE MARBRE SIMPLE AEG;00000271;          ;0;0;0;0;0;0;;;;0.1;0.01;1;0;;;;N;0;29/05/2024 21:38:02;ADMIN          ;276;276;
;CITERNE GALVA 2000L 3MM HOR;00000272;          ;0;0;0;0;0;0;;;;0.1;0.01;1;0;;;;N;0;29/05/2024 21:39:29;ADMIN          ;277;277;
;DDSOL ILLUSION BEIGE 60*60 BCERAM;00000273;          ;0;0;0;0;0;0;;;;0.1;0.01;1;0;;;;N;0;29/05/2024 21:42:14;ADMIN          ;278;278;
;CITERNE GALVA 2000L 3MM HOR;00000274;          ;0;0;0;0;0;0;;;;0.1;0.01;1;0;;;;N;0;29/05/2024 21:43:54;ADMIN          ;279;279;
;TERRE CUITE TERRACINA CIRTA NOIR 33*33 CERAI;00000275;          ;0;0;0;0;0;0;;;;0.1;0.01;1;0;;;;N;0;29/05/2024 21:47:11;ADMIN          ;280;280;
;PASSTA MAREIL;00000277;          ;0;0;0;0;0;0;;;;0.1;0.01;1;0;;;;N;0;29/05/2024 22:37:37;ADMIN          ;282;282;
;MONOCEM;00000278;          ;0;0;0;0;0;0;;;;0.1;0.01;1;0;;;;N;0;29/05/2024 22:39:07;ADMIN          ;283;283;
;LA TENTE COLORADO;00000279;          ;0;0;0;0;0;0;;;;0.1;0.01;1;0;;;;N;0;29/05/2024 22:39:59;ADMIN          ;284;284;
;5;00000280;          ;0;0;0;0;0;0;;;;0.1;0.01;1;0;MONOCOUCHE STORE;;;N;0;29/05/2024 22:42:16;ADMIN          ;285;285;
;HASS;00000281;          ;0;0;0;0;0;0;;;;0.1;0.01;1;0;;;;N;0;29/05/2024 22:42:45;ADMIN          ;286;286;
;COLLE GRIFFEY;00000283;          ;0;0;0;65000;60000;40000;;;;0.1;0.01;1;0;;;;N;0;29/05/2024 22:49:43;ADMIN          ;288;288;
;HADJRA GRIFFEY;00000284;          ;0;0;0;0;0;0;;;;0.1;0.01;1;0;;;;N;0;29/05/2024 22:59:13;ADMIN          ;289;289;
;CITERNE GALVA 2000L 3MM HOR;00000285;          ;0;0;0;0;0;0;;;;0.1;0.01;1;0;;;;N;0;29/05/2024 23:10:07;ADMIN          ;290;290;
;HADJRA GRIFFEY;00000286;          ;0;0;0;0;0;0;;;;0.1;0.01;1;0;;;;N;0;29/05/2024 23:17:03;ADMIN          ;291;291;
123;CLÉ 17;00000288;          ;0;0;0;0;0;0;;;;0.1;0.01;;0;;;;N;0;16/07/2024 23:18:54;ADMIN          ;293;293;
RP;ROSA POUDRE;00000289;          ;0;0;0;1500;0;1200;;;;0.1;0.01;1;0;;;;N;0;18/07/2024 04:27:08;ADMIN          ;294;294;
PG;POUDRE GRIFI;00000290;          ;0;0;0;300;0;250;;;;0.1;0.01;1;0;;;;N;0;18/07/2024 04:34:15;ADMIN          ;295;295;
BR;BRION;00000291;          ;0;0;0;800;0;750;;;;0.1;0.01;1;0;;;;N;0;18/07/2024 04:37:34;ADMIN          ;296;296;
SB;SALLE BLANCH;00000292;          ;0;0;0;1500;0;1200;;;;0.1;0.01;1;0;;;;N;0;20/07/2024 04:48:22;ADMIN          ;297;297;
MP;MADIRA POUDRE;00000293;          ;0;0;0;1500;0;1500;;;;0.1;0.01;1;0;;;;N;0;20/07/2024 04:55:58;ADMIN          ;298;298;
PB;POUDR BLANCHE;00000294;          ;0;1400;1400;1500;0;1200;;;;0.1;0.01;1;0;;30/05/2026;30/05/2026;N;0;20/07/2024 05:00:45;ADMIN          ;299;299;
SR;SALLE ROSA;00000295;          ;0;0;0;1500;0;1200;;;;0.1;0.01;1;0;;;;N;0;20/07/2024 05:12:36;ADMIN          ;300;300;
PUMA ROZA;ROZA POUDRE;00000296;          ;0;0;0;0;0;0;;;;0.1;0.01;1;0;;;;N;0;27/07/2024 23:54:50;ADMIN          ;301;301;
1;POUDRE GRIS CLAIRE;00000297;          ;0;0;0;0;0;0;;;;0.1;0.01;1;0;;;;N;0;28/07/2024 00:21:48;ADMIN          ;302;302;
BRION;BRION;00000298;          ;0;0;0;0;0;0;;;;0.1;0.01;1;0;;;;N;0;28/07/2024 00:28:22;ADMIN          ;303;303;
PASSTA MAREIL;HADJRA BLANCH;00000299;          ;2;1400;1400;0;0;0;;;;0.1;0.01;1;0;;30/05/2026;30/05/2026;N;0;28/07/2024 00:34:47;ADMIN          ;304;304;
14 CARAMIL;MADIRA POUDRE;00000300;          ;0;0;0;0;0;0;;;;0.1;0.01;1;0;;;;N;0;28/07/2024 00:38:14;ADMIN          ;305;305;
MONOCEM;POUDRE MARVILE;00000301;          ;0;0;0;0;0;0;;;;0.1;0.01;1;0;;;;N;0;28/07/2024 00:41:55;ADMIN          ;306;306;
PASSTA ROZA;HADJRA ROZA;00000302;          ;0;0;0;0;0;0;;;;0.1;0.01;1;0;;;;N;0;28/07/2024 00:56:58;ADMIN          ;307;307;
PASSTA GRI;HADJRA  GRIS CLAIRE;00000303;          ;0;0;0;0;0;0;;;;0.1;0.01;1;0;;;;N;0;28/07/2024 05:10:32;ADMIN          ;308;308;
;FAUX MARBRE;00000304;          ;0;0;0;0;0;0;;;;0.1;0.01;1;0;;;;N;0;07/08/2024 05:57:46;ADMIN          ;309;309;
;FAUX MARBRE BLANCH;00000305;          ;0;0;0;0;0;0;;;;0.1;0.01;1;0;;;;N;0;16/08/2024 23:49:56;ADMIN          ;310;310;
;FAUX MARRBRE NOIR;00000306;          ;0;0;0;0;0;0;;;;0.1;0.01;1;0;;;;N;0;17/08/2024 00:07:06;ADMIN          ;311;311;
M11;FAUX MARBRE M11;00000307;          ;0;0;0;0;0;0;;;;0.1;0.01;1;0;;;;N;0;17/08/2024 00:41:16;ADMIN          ;312;312;
M15;FAUX MARBRE M15;00000308;          ;0;0;0;0;0;0;;;;0.1;0.01;1;0;;;;N;0;17/08/2024 00:43:37;ADMIN          ;313;313;
M16;FAUX MARBRE M16;00000309;          ;0;0;0;0;0;0;;;;0.1;0.01;1;0;;;;N;0;17/08/2024 00:46:28;ADMIN          ;314;314;
B01;FAUX BOIS BLANC;00000310;          ;0;0;0;0;0;0;;;;0.1;0.01;1;0;;;;N;0;17/08/2024 00:49:40;ADMIN          ;315;315;
B02;FAUX BOIS GRIS;00000311;          ;0;0;0;0;0;0;;;;0.1;0.01;1;0;;;;N;0;17/08/2024 00:52:55;ADMIN          ;316;316;
B07;FAUX BOIS GRIS FONCÉ;00000312;          ;0;0;0;0;0;0;;;;0.1;0.01;1;0;;;;N;0;17/08/2024 01:03:11;ADMIN          ;317;317;
;SLICONE GOLDEN FIX 300ML;00000313;          ;0;0;0;0;0;0;;;;0.1;0.01;1;0;;;;N;0;17/08/2024 01:08:29;ADMIN          ;318;318;
395;POUDRE GRIS FONCÉ;00000314;          ;0;0;0;0;0;0;;;;0.1;0.01;1;0;;;;N;0;17/08/2024 06:44:45;ADMIN          ;319;319;
;HADJRA GRIS;00000315;          ;0;0;0;0;0;0;;;;0.1;0.01;1;0;;;;N;0;17/08/2024 07:13:44;ADMIN          ;320;320;
;ELVA 120*60 JAPON GRIS LIGHT;00000316;          ;0;0;0;0;0;0;;;;0.1;0.01;1;0;;;;N;0;18/08/2024 05:16:26;ADMIN          ;321;321;
;ELVA 120*60 CASTEL BEIGE 3D;00000317;          ;0;0;0;0;0;0;;;;0.1;0.01;1;0;;;;N;0;18/08/2024 05:19:42;ADMIN          ;322;322;
;ELVA 120*60 CASTEL DARK GREY 3D;00000318;          ;0;0;0;0;0;0;;;;0.1;0.01;1;0;;;;N;0;18/08/2024 05:24:27;ADMIN          ;323;323;
;ELVA 120*60 CASTEL BLACK 3D;00000319;          ;0;0;0;0;0;0;;;;0.1;0.01;1;0;;;;N;0;18/08/2024 05:26:26;ADMIN          ;324;324;
;DECOR CERAM MOTIF 30*90 4D GREY;00000320;          ;0;0;0;0;0;0;;;;0.1;0.01;1;0;;;;N;0;18/08/2024 05:29:30;ADMIN          ;325;325;
PHOMSI 1W;SPOT ETANCHE 1W JAN 220;00000321;          ;0;0;0;0;0;0;;;;0.1;0.01;1;0;;;;N;0;21/08/2024 00:08:22;ADMIN          ;326;326;
PHOMISI 3W 6500;SPOT ETANCHE 3W BLANCH;00000322;          ;0;0;0;0;0;0;;;;0.1;0.01;1;0;;;;N;0;21/08/2024 00:12:24;ADMIN          ;327;327;
PHOMISI 3W 3000K;SPOT ETANCHE 3W 220 V JAN;00000323;          ;0;0;0;0;0;0;;;;0.1;0.01;1;0;;;;N;0;21/08/2024 00:15:32;ADMIN          ;328;328;
APPLIQUE WALL 12 W;APPLIQUE LED 12W;00000324;          ;0;0;0;0;0;0;;;;0.1;0.01;1;0;;;;N;0;21/08/2024 00:39:07;ADMIN          ;329;329;
WALL LAMP 15 W;APPLIQUE LED 15 W JAN;00000325;          ;0;0;0;0;0;0;;;;0.1;0.01;1;0;;;;N;0;21/08/2024 00:49:17;ADMIN          ;330;330;
A113;APPLIQUE LED A113;00000326;          ;0;0;0;0;0;0;;;;0.1;0.01;1;0;;;;N;0;21/08/2024 00:56:35;ADMIN          ;331;331;
A114;APPLIQUE LED A114;00000327;          ;0;0;0;0;0;0;;;;0.1;0.01;;0;;;;N;0;21/08/2024 00:57:57;ADMIN          ;332;332;
WALL LAMP 10 W;APPLIQUE LED 176-7;00000328;          ;0;0;0;0;0;0;;;;0.1;0.01;1;0;;;;N;0;21/08/2024 01:07:05;ADMIN          ;333;333;
4558-8;SPOT CRSTALE LUX;00000329;          ;0;0;0;0;0;0;;;;0.1;0.01;1;0;;;;N;0;21/08/2024 03:49:13;ADMIN          ;334;334;
4558-10;SPOTE CRICTAL 4558-10;00000330;          ;0;0;0;0;0;0;;;;0.1;0.01;1;0;;;;N;0;21/08/2024 03:51:35;ADMIN          ;335;335;
PETIT MACHA ALLAH;APPLIQUE LED ECRI PM;00000331;          ;0;0;0;0;0;0;;;;0.1;0.01;1;0;;;;N;0;21/08/2024 03:56:16;ADMIN          ;336;336;
GRAND MACHA ALLAH;APPLIQUE LED ECRI GM;00000332;          ;0;0;0;0;0;0;;;;0.1;0.01;1;0;;;;N;0;21/08/2024 03:58:55;ADMIN          ;337;337;
;SPOTE CRICTALE 4532-20;00000333;          ;0;0;0;0;0;0;;;;0.1;0.01;1;0;;;;N;0;21/08/2024 04:55:05;ADMIN          ;338;338;
4532-10;SPOTE CRICTALE 4532-10;00000334;          ;0;0;0;0;0;0;;;;0.1;0.01;1;0;;;;N;0;21/08/2024 04:56:37;ADMIN          ;339;339;
4532-14;SPOTE CRICTALE 4532-14;00000335;          ;0;0;0;0;0;0;;;;0.1;0.01;1;0;;;;N;0;21/08/2024 04:58:27;ADMIN          ;340;340;
69502;SPOT CRISTAL69502;00000336;          ;0;0;0;0;0;0;;;;0.1;0.01;1;0;;;;N;0;21/08/2024 05:35:56;ADMIN          ;341;341;
;RUBON 2 LED JAUNE+ 25 TRANSFO OBJECTIF;00000337;          ;0;0;0;0;0;0;;;;0.1;0.01;1;0;;;;N;0;21/08/2024 05:43:13;ADMIN          ;342;342;
;CHADJAR EL WROUD;00000338;          ;0;0;0;0;0;0;;;;0.1;0.01;1;0;;;;N;0;21/08/2024 06:06:48;ADMIN          ;343;343;
;CHADJAR EL WARAK;00000339;          ;0;0;0;0;0;0;;;;0.1;0.01;1;0;;;;N;0;21/08/2024 06:08:18;ADMIN          ;344;344;
;CHADJRAT BANAN GRAND +NAKHLA;00000340;          ;0;0;0;0;0;0;;;;0.1;0.01;1;0;;;;N;0;21/08/2024 06:10:40;ADMIN          ;345;345;
;ACHDJAR MOKHTALATA;00000341;          ;0;0;0;0;0;0;;;;0.1;0.01;1;0;;;;N;0;21/08/2024 06:12:22;ADMIN          ;346;346;
;DETICTER PIANO;00000342;          ;0;0;0;0;0;0;;;;0.1;0.01;1;0;;;;N;0;23/08/2024 22:28:39;ADMIN          ;347;347;
;TRANSFO 24 V 16.7 A 400W;00000343;          ;0;0;0;0;0;0;;;;0.1;0.01;1;0;;;;N;0;23/08/2024 22:32:37;ADMIN          ;348;348;
;TRANSFO 24V 16.7 A 400W;00000344;          ;0;0;0;0;0;0;;;;0.1;0.01;1;0;;;;N;0;23/08/2024 22:34:25;ADMIN          ;349;349;
;DECOR CERAM F 4D GREY 30*90;00000345;          ;0;0;0;0;0;0;;;;0.1;0.01;1;0;;;;N;0;24/08/2024 07:02:58;ADMIN          ;350;350;
;DECOR CERAM F 4D GREY 30*90;00000346;          ;0;0;0;0;0;0;;;;0.1;0.01;1;0;;;;N;0;24/08/2024 07:08:59;ADMIN          ;351;351;
DDSOL 60*60 BEIGE;DALL DE SOL ILLUSION BEIGE 60*60 BCERAM;00000347;          ;0;0;0;0;0;0;;;;0.1;0.01;;0;;;;N;0;24/08/2024 21:08:56;ADMIN          ;352;352;
;DDS LIGHT GRAY 60/60 1CH;00000348;          ;0;0;0;0;0;0;;;;0.1;0.01;1;0;;;;N;0;24/08/2024 21:11:41;ADMIN          ;353;353;
MR1;MIROIR RECTANGULAIRE 1;00000349;          ;0;0;0;0;0;0;;;;0.1;0.01;1;0;;;;N;0;25/08/2024 03:39:57;ADMIN          ;354;354;
MR2;MIROIR RECTANGULAIRE 2;00000350;          ;0;0;0;0;0;0;;;;0.1;0.01;1;0;;;;N;0;25/08/2024 03:41:27;ADMIN          ;355;355;
;SÉRIE;00000351;          ;0;0;0;0;0;0;;;;0.1;0.01;1;0;;;;N;0;25/08/2024 03:49:58;ADMIN          ;356;356;
;CADRE FLEUR PETITE SÉRIE DE 3 PIÉCES;00000352;          ;0;0;0;0;0;0;;;;0.1;0.01;1;0;;;;N;0;25/08/2024 04:06:06;ADMIN          ;357;357;
;CADRE FLEUR GRAND SÉRIE DE  3 PIÉCES;00000353;          ;0;0;0;0;0;0;;;;0.1;0.01;1;0;;;;N;0;25/08/2024 04:09:21;ADMIN          ;358;358;
;CADRE AIT EL KORCI;00000354;          ;0;0;0;0;0;0;;;;0.1;0.01;1;0;;;;N;0;25/08/2024 04:20:34;ADMIN          ;359;359;
;CADRE MOSHAF;00000355;          ;0;0;0;0;0;0;;;;0.1;0.01;1;0;;;;N;0;25/08/2024 04:25:01;ADMIN          ;360;360;
;CADRE AIT ELKORSI GRAND;00000357;          ;0;0;0;0;0;0;;;;0.1;0.01;1;0;;;;N;0;26/08/2024 04:33:37;ADMIN          ;362;362;
;CADRE TAKLIDI;00000358;          ;0;0;0;0;0;0;;;;0.1;0.01;1;0;;;;N;0;26/08/2024 05:03:23;ADMIN          ;363;363;
;CADRE MÉTALE WOROD PETIT;00000359;          ;0;0;0;0;0;0;;;;0.1;0.01;1;0;;;;N;0;26/08/2024 05:17:58;ADMIN          ;364;364;
;CADRE MÉTALE WORODE GRAND;00000360;          ;0;0;0;0;0;0;;;;0.1;0.01;1;0;;;;N;0;26/08/2024 05:22:54;ADMIN          ;365;365;
;CADRE MÉTAL ROM;00000361;          ;0;0;0;0;0;0;;;;0.1;0.01;1;0;;;;N;0;26/08/2024 05:40:47;ADMIN          ;366;366;
;CADRE MÉTALE AWRAK;00000362;          ;0;0;0;0;0;0;;;;0.1;0.01;1;0;;;;N;0;26/08/2024 05:44:09;ADMIN          ;367;367;
;CADRE MÉTALE SHAN;00000363;          ;0;0;0;0;0;0;;;;0.1;0.01;1;0;;;;N;0;26/08/2024 05:47:38;ADMIN          ;368;368;
;CADRE MÉTALE WORODE VERT GRAND;00000364;          ;0;0;0;0;0;0;;;;0.1;0.01;1;0;;;;N;0;26/08/2024 05:50:06;ADMIN          ;369;369;
3PS02;CADRE 3PS;00000365;          ;0;0;0;0;0;0;;;;0.1;0.01;1;0;;;;N;0;26/08/2024 05:57:30;ADMIN          ;370;370;
3PS04;CADRE 3PS;00000366;          ;0;0;0;0;0;0;;;;0.1;0.01;1;0;;;;N;0;26/08/2024 05:59:11;ADMIN          ;371;371;
3PS01;CADRE 3PS;00000367;          ;0;0;0;0;0;0;;;;0.1;0.01;1;0;;;;N;0;26/08/2024 06:00:22;ADMIN          ;372;372;
3PS03;CADRE 3PS;00000368;          ;0;0;0;0;0;0;;;;0.1;0.01;1;0;;;;N;0;26/08/2024 06:03:35;ADMIN          ;373;373;
;CADRE MÉTAL RICHA;00000369;          ;0;0;0;0;0;0;;;;0.1;0.01;1;0;;;;N;0;26/08/2024 06:06:12;ADMIN          ;374;374;
MR;MIROIR ROND;00000370;          ;0;0;0;0;0;0;;;;0.1;0.01;1;0;;;;N;0;26/08/2024 06:14:52;ADMIN          ;375;375;
DORI/BLANCH;CADRE ÉXPXY DORI/BLANCH;00000371;          ;0;0;0;0;0;0;;;;0.1;0.01;1;0;;;;N;0;26/08/2024 06:17:32;ADMIN          ;376;376;
3PS05;CADRE 3PS;00000372;          ;0;0;0;0;0;0;;;;0.1;0.01;1;0;;;;N;0;26/08/2024 06:28:44;ADMIN          ;377;377;
;HORLOGE MÉTALIQUE;00000373;          ;0;0;0;0;0;0;;;;0.1;0.01;1;0;;;;N;0;26/08/2024 06:34:01;ADMIN          ;378;378;
EB1068;SIFONE LAVABO SPANE GOLD;00000374;          ;0;0;0;0;0;0;;;;0.1;0.01;1;0;;;;N;1;26/08/2024 20:52:19;ADMIN          ;380;380;
;SIFON LAVABO SPANE BLACK;00000375;          ;0;0;0;0;0;0;;;;0.1;0.01;1;0;;;;N;1;26/08/2024 21:23:30;ADMIN          ;381;381;
W009-3 GRAY;P.MANTEAUX WESDA W009-3 GRAY;00000376;          ;0;0;0;0;0;0;;;;0.1;0.01;1;0;;;;N;1;26/08/2024 21:31:59;ADMIN          ;382;382;
5177F VALENCE;MLT CUISINE SPANE VALENCE 5177F CHROM;00000377;          ;0;0;0;0;0;0;;;;0.1;0.01;1;0;;;;N;1;26/08/2024 22:35:38;ADMIN          ;383;383;
VALENCE 5177F BLACK;MLT CUISINE SPANE VALENCE 5177F BLACK;00000378;          ;0;0;0;0;0;0;;;;0.1;0.01;1;0;;;;N;0;26/08/2024 22:41:53;ADMIN          ;384;384;
5177F BRUSHED GOLD;MLT CUISINE SPANE VALENCE 5177F BRUSHED GOLD;00000379;          ;0;0;0;0;0;0;;;;0.1;0.01;1;0;;;;N;1;26/08/2024 22:46:46;ADMIN          ;385;385;
3030 CHR;MLT CUISINE SPANE 3030 CHROM;00000380;          ;0;0;0;0;0;0;;;;0.1;0.01;1;0;;;;N;1;26/08/2024 22:54:04;ADMIN          ;386;386;
MILANO 108 GOLD;MLT LAVABO SPANE MILANO 108 GOLD;00000381;          ;0;0;0;0;0;0;;;;0.1;0.01;;0;;;;N;2;26/08/2024 22:57:46;ADMIN          ;387;387;
MILANO 108 BLACK;MLT LAVABO SPANE MILANO 108 BLACK;00000382;          ;0;0;0;0;0;0;;;;0.1;0.01;1;0;;;;N;1;26/08/2024 23:02:45;ADMIN          ;388;388;
MILANO 108 CHR;MLT LAVABO SPANE MILANO 108 CHROM;00000383;          ;0;0;0;0;0;0;;;;0.1;0.01;1;0;;;;N;1;26/08/2024 23:10:13;ADMIN          ;389;389;
MAUI 58-8 BLACK;MLT CUISINE SPANE MAUI 58-8 BLACK;00000384;          ;0;0;0;0;0;0;;;;0.1;0.01;1;0;;;;N;1;26/08/2024 23:28:00;ADMIN          ;390;390;
MAUI 58-8 GOLD;MLT CUISINE SPANE MAUI 58-8 GOLD;00000385;          ;0;0;0;0;0;0;;;;0.1;0.01;1;0;;;;N;1;26/08/2024 23:31:32;ADMIN          ;391;391;
MAUI 58-8 ROSE GOLD;MLT CUISINE SPANE MAUI 58-8 ROSE GOLD;00000386;          ;0;0;0;0;0;0;;;;0.1;0.01;1;0;;;;N;1;26/08/2024 23:36:14;ADMIN          ;392;392;
MAUI 58-8 ROSE CHR;MLT CUISINE SPANE MAUI 58-8 ROSE CHROME;00000387;          ;0;0;0;0;0;0;;;;0.1;0.01;1;0;;;;N;0;26/08/2024 23:38:43;ADMIN          ;393;393;
W100 CHR 304;P.SAVON WESDA W100 CHROME 304;00000388;          ;0;0;0;0;0;0;;;;0.1;0.01;1;0;;;;N;1;26/08/2024 23:55:33;ADMIN          ;394;394;
200 ZM GOLD;P.SAVON WESDA 200 ZM GOLD;00000389;          ;0;0;0;0;0;0;;;;0.1;0.01;1;0;;;;N;1;27/08/2024 00:19:11;ADMIN          ;395;395;
701 CHR;ROBINET SPANE 701 CHROME;00000390;          ;0;0;0;0;0;0;;;;0.1;0.01;1;0;;;;N;1;27/08/2024 00:45:08;ADMIN          ;396;396;
701 BLACK GOLD;ROBINET SPANE 701 BLACK GOLD;00000391;          ;0;0;0;0;0;0;;;;0.1;0.01;1;0;;;;N;1;27/08/2024 00:50:53;ADMIN          ;397;397;
30CM 2041 BLK;P.SAVON WESDA 30CM 2041 BLACK;00000392;          ;0;0;0;0;0;0;;;;0.1;0.01;1;0;;;;N;1;27/08/2024 03:53:23;ADMIN          ;398;398;
30CM 2041 GOLD;P.SAVON WESDA 30CM 2041 GOLD;00000393;          ;0;0;0;0;0;0;;;;0.1;0.01;1;0;;;;N;1;27/08/2024 03:59:58;ADMIN          ;399;399;
;P.SAVON WESDA 30 CM 2041CHROME 304;00000394;          ;0;0;0;0;0;0;;;;0.1;0.01;1;0;;;;N;1;27/08/2024 04:04:50;ADMIN          ;400;400;
MY02 20CM BLK;P.SAVON SPANE INOX GM MY02-20M BLACK;00000395;          ;0;0;0;0;0;0;;;;0.1;0.01;1;0;;;;N;1;27/08/2024 04:42:41;ADMIN          ;401;401;
C8761 CHR;P.SERVIETTE + P.MANTEAUX C8761 CHROME;00000396;          ;0;0;0;0;0;0;;;;0.1;0.01;1;0;;;;N;1;27/08/2024 08:05:25;ADMIN          ;402;402;
C8761 GOLD;P.SERVIETTE +P.MANTEAUX C8761 GOLD;00000397;          ;0;0;0;0;0;0;;;;0.1;0.01;1;0;;;;N;1;27/08/2024 08:09:53;ADMIN          ;403;403;
C8761 BLACK;P.SERVIETTE +P.MANTEAUX C8761 BLACK;00000398;          ;0;0;0;0;0;0;;;;0.1;0.01;1;0;;;;N;1;27/08/2024 08:15:40;ADMIN          ;404;404;
W009-5 GRAY;P.MANTEAUX W009-5 GRAY;00000399;          ;0;0;0;0;0;0;;;;0.1;0.01;1;0;;;;N;1;27/08/2024 08:22:40;ADMIN          ;405;405;
W009-5 BLACK;P.MANTEAUX W009-5 BLACK;00000400;          ;0;0;0;0;0;0;;;;0.1;0.01;1;0;;;;N;1;27/08/2024 08:27:13;ADMIN          ;406;406;
W009-3 GRAY;P.MANTEAUX W009-3 GRAY;00000401;          ;0;0;0;0;0;0;;;;0.1;0.01;1;0;;;;N;1;27/08/2024 08:32:20;ADMIN          ;407;407;
W009-3 BLACK;MANTEAUX  W009-3 BLACK;00000402;          ;0;0;0;0;0;0;;;;0.1;0.01;1;0;;;;N;1;27/08/2024 08:40:35;ADMIN          ;408;408;
W009-4 GRAY;P.MANTEAUX W009-4 GRAY;00000403;          ;0;0;0;0;0;0;;;;0.1;0.01;1;0;;;;N;1;27/08/2024 08:47:08;ADMIN          ;409;409;
W009-4 BLACK;P.MANTEAUX W009-4 BLACK;00000404;          ;0;0;0;0;0;0;;;;0.1;0.01;1;0;;;;N;1;27/08/2024 08:50:45;ADMIN          ;410;410;
T01-2 CHR;P.MANTEAUX T01-2 CHROME;00000405;          ;0;0;0;0;0;0;;;;0.1;0.01;1;0;;;;N;1;27/08/2024 09:00:03;ADMIN          ;411;411;
T01-3 CHR;P.MANTAUX T01-3 CHROME;00000406;          ;0;0;0;0;0;0;;;;0.1;0.01;1;0;;;;N;1;27/08/2024 09:05:56;ADMIN          ;412;412;
T01-3 MAT;P.MANTAUX T01-3 MAT;00000407;          ;0;0;0;0;0;0;;;;0.1;0.01;1;0;;;;N;1;27/08/2024 09:10:03;ADMIN          ;413;413;
T01-4 CHR;P.MANTAUX T01-4 CHROME;00000408;          ;0;0;0;0;0;0;;;;0.1;0.01;1;0;;;;N;1;27/08/2024 09:13:32;ADMIN          ;414;414;
T01-4 MAT;P.MANTAUX T01-4 MAT;00000409;          ;0;0;0;0;0;0;;;;0.1;0.01;1;0;;;;N;1;27/08/2024 09:16:45;ADMIN          ;415;415;
T01-5 CHR;P.MANTAUX T01-5 CHROME;00000410;          ;0;0;0;0;0;0;;;;0.1;0.01;1;0;;;;N;1;27/08/2024 09:23:39;ADMIN          ;416;416;
T01-5 MAT;P.MANTAUX T01-5 MAT;00000411;          ;0;0;0;0;0;0;;;;0.1;0.01;1;0;;;;N;1;27/08/2024 09:29:12;ADMIN          ;417;417;
T01-6 MAT;P.MANTAUX T01-6 MAT;00000412;          ;0;0;0;0;0;0;;;;0.1;0.01;1;0;;;;N;1;27/08/2024 09:32:44;ADMIN          ;418;418;
EB1068 CHROME;BANDE LAVABO SPANE EB1068 CHROME;00000413;          ;0;0;0;0;0;0;;;;0.1;0.01;1;0;;;;N;1;27/08/2024 09:51:39;ADMIN          ;419;419;
1907 CHROME;KIT SPANE 1907 CHROME;00000414;          ;0;0;0;0;0;0;;;;0.1;0.01;1;0;;;;N;1;27/08/2024 10:06:51;ADMIN          ;420;420;
1907 BLACK;KIT SPANE 1907 BLACK;00000415;          ;0;0;0;0;0;0;;;;0.1;0.01;1;0;;;;N;1;27/08/2024 10:08:36;ADMIN          ;421;421;
SPANE 20-10 CHROME;CANIVEAU SPANE 20-10 CHROME;00000416;          ;0;0;0;0;0;0;;;;0.1;0.01;1;0;;;;N;0;27/08/2024 10:59:33;ADMIN          ;427;427;
SPANE 30-10 CHROME;CANIVEAU SPANE 30-10 CHROME;00000417;          ;0;0;0;0;0;0;;;;0.1;0.01;1;0;;;;N;0;27/08/2024 11:04:42;ADMIN          ;428;428;
20-10 GOLD;CANIVEAU AAMPOLO  20-10 GOLD;00000418;          ;0;0;0;0;0;0;;;;0.1;0.01;1;0;;;;N;0;27/08/2024 11:10:48;ADMIN          ;429;429;
30-10 GOLD;CANIVEAU AAMPOLO 30-10 GOLD;00000419;          ;0;0;0;0;0;0;;;;0.1;0.01;1;0;;;;N;0;27/08/2024 11:15:47;ADMIN          ;430;430;
AAMPOLO 40-10 GOLD;CANIVEAU AAMPOLO 40-10 GOLD;00000420;          ;0;0;0;0;0;0;;;;0.1;0.01;1;0;;;;N;0;27/08/2024 11:23:41;ADMIN          ;431;431;
SPANE 40-10 BLACK;CANIVEAU SPANE 40-10 BLACK;00000421;          ;0;0;0;0;0;0;;;;0.1;0.01;1;0;;;;N;0;27/08/2024 11:25:16;ADMIN          ;432;432;
LD 250 201 BLACK;P.SHAMPOOING SPANE LD 250 201 BLACK;00000422;          ;0;0;0;0;0;0;;;;0.1;0.01;1;0;;;;N;1;27/08/2024 11:34:05;ADMIN          ;433;433;
LD 250 201 CHROME;P.SHAMPOOING SPANE LD 250 201 CHROME;00000423;          ;0;0;0;0;0;0;;;;0.1;0.01;1;0;;;;N;1;27/08/2024 11:35:12;ADMIN          ;434;434;
MAUI 58-8 CHR;MLT CUISINE SPANE MAUI 58-8 CHROME;00000424;          ;0;0;0;0;0;0;;;;0.1;0.01;1;0;;;;N;1;27/08/2024 11:43:33;ADMIN          ;435;435;
AAMPOLO-FIESTA GOLD;MLT LAVABO AAMPOLO-FIESTA GOLD;00000425;          ;0;0;0;0;0;0;;;;0.1;0.01;1;0;;;;N;1;27/08/2024 18:49:52;ADMIN          ;436;436;
AAMPOLO-FIESTA BLAC;MLT LAVABO AAMPOLO-FIESTA BLACK;00000426;          ;0;0;0;0;0;0;;;;0.1;0.01;1;0;;;;N;1;27/08/2024 18:52:49;ADMIN          ;437;437;
AAMPOLO-FIESTA CHROM;MLT LAVABO AAMPOLO-FIESTA CHROME;00000427;          ;0;0;0;0;0;0;;;;0.1;0.01;1;0;;;;N;1;27/08/2024 18:56:40;ADMIN          ;438;438;
ENC 4010 GRAY;KIT SPANE ENC 4010 GRAY;00000428;          ;0;0;0;0;0;0;;;;0.1;0.01;1;0;;;;N;1;27/08/2024 19:03:52;ADMIN          ;439;439;
JR3 CHROME;CODD SPANE JR3 CHROME;00000429;          ;0;0;0;0;0;0;;;;0.1;0.01;1;0;;;;N;1;27/08/2024 22:18:15;ADMIN          ;440;440;
JR8 CHROME;CODD SPANE JR8 CHROME;00000430;          ;0;0;0;0;0;0;;;;0.1;0.01;1;0;;;;N;1;27/08/2024 22:23:19;ADMIN          ;441;441;
1618 BLACK;MLT CUISINE SPANE 1618 BLACK;00000431;          ;0;0;0;0;0;0;;;;0.1;0.01;1;0;;;;N;1;27/08/2024 23:16:19;ADMIN          ;442;442;
1618 GOLD;MLT CUISINE SPANE 1618 GOLD;00000432;          ;0;0;0;0;0;0;;;;0.1;0.01;1;0;;;;N;1;27/08/2024 23:18:12;ADMIN          ;443;443;
SPANE ZANTE CHROME;MLT CUISINE SPANE ZANTE CHROME;00000433;          ;0;0;0;0;0;0;;;;0.1;0.01;1;0;;;;N;1;27/08/2024 23:21:46;ADMIN          ;444;444;
SPANE ZANTE GOLD;MLT CUISINE SPANE ZANTE GOLD;00000434;          ;0;0;0;0;0;0;;;;0.1;0.01;1;0;;;;N;1;27/08/2024 23:24:05;ADMIN          ;445;445;
SPANE VALENCE 5177B;MLT  VABO VASQUE SPANE VALENCE 5177B CHROME;00000435;          ;0;0;0;0;0;0;;;;0.1;0.01;1;0;;;;N;1;27/08/2024 23:30:51;ADMIN          ;446;446;
SPANE VALENCE 5177B;MLT LAVABO VASQUE SPANE VALENCE 5177B BLACK;00000436;          ;0;0;0;0;0;0;;;;0.1;0.01;1;0;;;;N;0;27/08/2024 23:32:50;ADMIN          ;447;447;
SPANE VALENCE 5177B;MLT LAVABO VASQUE SPANE VALENCE 5177B GOLD;00000437;          ;0;0;0;0;0;0;;;;0.1;0.01;1;0;;;;N;0;27/08/2024 23:35:19;ADMIN          ;448;448;
SPANE BORA BRUSHED G;MLT DABLUTION  SPANE BORA BRUSHED GOLD;00000438;          ;0;0;0;0;0;0;;;;0.1;0.01;1;0;;;;N;1;27/08/2024 23:39:56;ADMIN          ;449;449;
SPANE BORA CHROME;MLT DABLUTION  SPANE BORA CHROME;00000439;          ;0;0;0;0;0;0;;;;0.1;0.01;1;0;;;;N;0;27/08/2024 23:41:04;ADMIN          ;450;450;
SPANE BORA BLACK;MLT DABLUTION  SPANE BORA BLACK;00000440;          ;0;0;0;0;0;0;;;;0.1;0.01;1;0;;;;N;1;27/08/2024 23:42:24;ADMIN          ;451;451;
;FAUX BOIS;00000441;          ;0;0;0;0;0;0;;;;0.1;0.01;1;0;;;;N;0;31/08/2024 23:11:53;ADMIN          ;452;452;
;CHASSE ENCASTRE WC ENGLAIS;00000442;          ;0;0;0;0;0;0;;;;0.1;0.01;1;0;;;;N;0;01/09/2024 04:30:23;ADMIN          ;453;453;
;CHASSE ENCASTRE VISAM;00000443;          ;0;0;0;0;0;0;;;;0.1;0.01;1;0;;;;N;0;01/09/2024 04:37:18;ADMIN          ;454;454;
µ;BNB S L PLAT COURBE CHR;00000444;          ;0;0;0;0;0;0;;;;0.1;0.01;1;0;;;;N;0;01/09/2024 04:51:16;ADMIN          ;455;455;
;CERVEAU CONTROLMATIC A FICHE;00000445;          ;0;0;0;0;0;0;;;;0.1;0.01;1;0;;;;N;0;01/09/2024 04:53:09;ADMIN          ;456;456;
;RADIATEUR FARAL;00000446;          ;0;0;0;0;0;0;;;;0.1;0.01;1;0;;;;N;0;01/09/2024 05:00:12;ADMIN          ;457;457;
;IDRO POMPE;00000447;          ;0;0;0;0;0;0;;;;0.1;0.01;1;0;;;;N;0;01/09/2024 05:16:37;ADMIN          ;458;458;
;APPLIQUE D16*2;00000448;          ;0;0;0;0;0;0;;;;0.1;0.01;1;0;;;;N;0;01/09/2024 05:30:20;ADMIN          ;459;459;
;SÉCHE LANGE RIVOLI;00000449;          ;0;0;0;0;0;0;;;;0.1;0.01;1;0;;;;N;0;01/09/2024 05:34:09;ADMIN          ;460;460;
;MULTI COUCHE 16;00000450;          ;0;0;0;0;0;0;;;;0.1;0.01;1;0;;;;N;0;01/09/2024 05:37:33;ADMIN          ;461;461;
;MULTI COUCHE 20;00000451;          ;0;0;0;0;0;0;;;;0.1;0.01;1;0;;;;N;0;01/09/2024 05:40:15;ADMIN          ;462;462;
;POMPE 5T;00000452;          ;0;0;0;0;0;0;;;;0.1;0.01;1;0;;;;N;0;01/09/2024 05:45:56;ADMIN          ;463;463;
PASTA MADIRA;HADJRA MADIRA;00000453;          ;0;0;0;0;0;0;;;;0.1;0.01;1;0;;;;N;0;01/09/2024 23:05:52;ADMIN          ;464;464;
;HADJRA  GRIS FONCÉ;00000454;          ;0;0;0;0;0;0;;;;0.1;0.01;1;0;MONOCOUCHE STORE;;;N;0;01/09/2024 23:13:41;ADMIN          ;465;465;
;BAGIT COINT;00000456;          ;0;0;0;0;0;0;;;;0.1;0.01;1;0;MONOCOUCHE STORE;;;N;0;02/09/2024 22:52:56;ADMIN          ;467;467;
;VERNIS KARMOUD;00000460;          ;0;0;0;0;0;0;;;;0.1;0.01;1;0;;;;N;0;04/09/2024 05:38:55;ADMIN          ;471;471;
HUILE KARMOUD;HUILE KARMOUD;00000461;          ;0;0;0;0;0;0;;;;0.1;0.01;1;0;;;;N;0;04/09/2024 05:45:35;ADMIN          ;472;472;
;DESICER KARMOUD;00000462;          ;0;0;0;0;0;0;;;;0.1;0.01;1;0;;;;N;0;04/09/2024 05:58:27;ADMIN          ;473;473;
;TIGE 17 KARMOUD;00000463;          ;0;0;0;0;0;0;;;;0.1;0.01;1;0;;;;N;0;04/09/2024 21:52:07;ADMIN          ;474;474;
;VERNIS ITALI KARMOUD;00000464;          ;0;0;0;0;0;0;;;;0.1;0.01;1;0;;;;N;0;04/09/2024 22:11:07;ADMIN          ;476;476;
;TARVOU KARMOUD;00000465;          ;0;0;0;0;0;0;;;;0.1;0.01;1;0;;;;N;0;04/09/2024 22:15:30;ADMIN          ;477;477;
;CHEVILLE MÉTALLIQUE KARMOUD;00000466;          ;0;0;0;0;0;0;;;;0.1;0.01;1;0;;;;N;0;04/09/2024 22:17:28;ADMIN          ;478;478;
;VIS 1KG KARMOUD;00000467;          ;0;0;0;0;0;0;;;;0.1;0.01;1;0;;;;N;0;04/09/2024 22:41:56;ADMIN          ;479;479;
;RONDIL 1KG KARMOUD;00000468;          ;0;0;0;0;0;0;;;;0.1;0.01;1;0;;;;N;0;04/09/2024 22:43:19;ADMIN          ;480;480;
;CROU 17 KARMOUD;00000469;          ;0;0;0;0;0;0;;;;0.1;0.01;1;0;;;;N;0;04/09/2024 22:49:00;ADMIN          ;481;481;
;DISQUE PINCEAUX KARMOUD;00000470;          ;0;0;0;0;0;0;;;;0.1;0.01;1;0;;;;N;0;04/09/2024 22:52:45;ADMIN          ;482;482;
AGRAFE ST 57;MESMAR GRAVEZ KARMOUD;00000471;          ;0;0;0;0;0;0;;;;0.1;0.01;1;0;;;;N;0;07/09/2024 00:44:39;ADMIN          ;483;483;
MESMAR ST;MESMAR KARMOUD;00000472;          ;0;0;0;0;0;0;;;;0.1;0.01;1;0;;;;N;0;07/09/2024 00:48:56;ADMIN          ;484;484;
RICHAB;KADRE RICHA BOIT;00000473;          ;0;0;0;0;0;0;;;;0.1;0.01;1;0;;;;N;0;07/09/2024 05:49:22;ADMIN          ;485;485;
;AKRILA KARMOUD;00000474;          ;0;0;0;0;0;0;;;;0.1;0.01;1;0;;;;N;0;14/09/2024 23:32:36;ADMIN          ;486;486;
;SLICONE KARMOUD;00000475;          ;0;0;0;0;0;0;;;;0.1;0.01;1;0;;;;N;0;14/09/2024 23:39:40;ADMIN          ;487;487;
;CAVALIERS  DE 100;00000476;          ;0;0;0;0;0;0;;;;0.1;0.01;1;0;;;;N;0;15/09/2024 05:36:56;ADMIN          ;488;488;
;BASCULES DE100;00000477;          ;0;0;0;0;0;0;;;;0.1;0.01;;0;;;;N;0;15/09/2024 05:38:30;ADMIN          ;489;489;
;PERLFEX;00000478;          ;0;0;0;0;0;0;;;;0.1;0.01;1;0;;;;N;0;15/09/2024 05:43:37;ADMIN          ;490;490;
;BAN DE AFILR;00000479;          ;0;0;0;0;0;0;;;;0.1;0.01;1;0;;;;N;0;15/09/2024 05:44:25;ADMIN          ;491;491;
;BAN DE AFILR MAFIX;00000480;          ;0;0;0;0;0;0;;;;0.1;0.01;1;0;;;;N;0;15/09/2024 05:45:23;ADMIN          ;492;492;
;BAN DE AFILR CAVA;00000481;          ;0;0;0;0;0;0;;;;0.1;0.01;1;0;;;;N;0;15/09/2024 05:47:28;ADMIN          ;493;493;
;BANDE A JOIUT PAPIER 75M;00000482;          ;0;0;0;0;0;0;;;;0.1;0.01;1;0;;;;N;0;15/09/2024 05:48:51;ADMIN          ;494;494;
;BANDE A JOIUT PAPIER 50M;00000483;          ;0;0;0;0;0;0;;;;0.1;0.01;1;0;;;;N;0;15/09/2024 06:00:07;ADMIN          ;495;495;
;BANDA ARME AKFIX 30;00000484;          ;0;0;0;0;0;0;;;;0.1;0.01;1;0;;;;N;0;15/09/2024 06:00:52;ADMIN          ;496;496;
;BANDA ARME PRO 30;00000485;          ;0;0;0;0;0;0;;;;0.1;0.01;1;0;;;;N;0;15/09/2024 06:01:46;ADMIN          ;497;497;
;BANDA ARME PRO 7,5 M;00000486;          ;0;0;0;0;0;0;;;;0.1;0.01;1;0;;;;N;0;15/09/2024 06:02:36;ADMIN          ;498;498;
;CHEVILLE A FRA PPER PRO DE 200;00000487;          ;0;0;0;0;0;0;;;;0.1;0.01;1;0;;;;N;0;15/09/2024 06:03:43;ADMIN          ;499;499;
;VIS NOIR;00000488;          ;0;0;0;0;0;0;;;;0.1;0.01;1;0;;;;N;0;15/09/2024 06:05:07;ADMIN          ;500;500;
;CHEVILLE LITANTE;00000489;          ;0;0;0;0;0;0;;;;0.1;0.01;1;0;;;;N;0;15/09/2024 06:07:19;ADMIN          ;501;501;
;COLLE PVC;00000490;          ;0;0;0;0;0;0;;;;0.1;0.01;1;0;;;;N;0;15/09/2024 06:19:01;ADMIN          ;502;502;
;ECRO;00000491;          ;0;0;0;0;0;0;;;;0.1;0.01;1;0;;;;N;0;15/09/2024 06:21:32;ADMIN          ;503;503;
;RACORE TIG;00000492;          ;0;0;0;0;0;0;;;;0.1;0.01;1;0;;;;N;0;15/09/2024 06:22:51;ADMIN          ;504;504;
;LAMPE DECOR CUISINE PM;00000493;          ;0;0;0;0;0;0;;;;0.1;0.01;1;0;;;;N;0;15/09/2024 06:24:09;ADMIN          ;505;505;
;LAMPE DECOR CUISINE GM;00000494;          ;0;0;0;0;0;0;;;;0.1;0.01;1;0;;;;N;0;15/09/2024 06:25:41;ADMIN          ;506;506;
;BOOY ELECTRIC SPOT (LCD SPOT LIGHIT);00000495;          ;0;0;0;0;0;0;;;;0.1;0.01;1;0;;;;N;0;15/09/2024 06:27:43;ADMIN          ;507;507;
;SPOT BOOY ELECTRIC (+3W )(300ML);00000496;          ;0;0;0;0;0;0;;;;0.1;0.01;1;0;;;;N;0;15/09/2024 06:29:58;ADMIN          ;508;508;
;SPOT MONMAX (3W)(300ML);00000497;          ;0;0;0;0;0;0;;;;0.1;0.01;1;0;;;;N;0;15/09/2024 06:32:10;ADMIN          ;509;509;
;SPOT WELL MAX 3W (210ML);00000498;          ;0;0;0;0;0;0;;;;0.1;0.01;1;0;;;;N;0;15/09/2024 06:36:50;ADMIN          ;510;510;
;SPOT MOON MAX 3W;00000499;          ;0;0;0;0;0;0;;;;0.1;0.01;1;0;;;;N;1;15/09/2024 06:38:13;ADMIN          ;511;511;
;SPOT BOOY ELECTRIC (3W );00000500;          ;0;0;0;0;0;0;;;;0.1;0.01;1;0;;;;N;0;15/09/2024 06:39:02;ADMIN          ;512;512;
;SPOT MOON MAX (3W)(210ML) COULR;00000501;          ;0;0;0;0;0;0;;;;0.1;0.01;1;0;;;;N;0;15/09/2024 06:39:36;ADMIN          ;513;513;
;SPOT GHLIGHTING (3+3W)(240ML);00000502;          ;0;0;0;0;0;0;;;;0.1;0.01;1;0;;;;N;0;15/09/2024 06:45:18;ADMIN          ;514;514;
;LAMPE DECOR ABTOP;00000503;          ;0;0;0;0;0;0;;;;0.1;0.01;1;0;;;;N;1;15/09/2024 06:47:03;ADMIN          ;515;515;
;SPOT WELL MAX (3W) (240ML);00000504;          ;0;0;0;0;0;0;;;;0.1;0.01;1;0;;;;N;0;15/09/2024 06:49:15;ADMIN          ;516;516;
;SPOT CTORCH (13W) ROTATABLE;00000505;          ;0;0;0;0;0;0;;;;0.1;0.01;1;0;;;;N;0;15/09/2024 06:53:02;ADMIN          ;517;517;
;SPOT CTORCH (9W) ROTATABLE;00000506;          ;0;0;0;0;0;0;;;;0.1;0.01;1;0;;;;N;0;16/09/2024 05:06:44;ADMIN          ;518;518;
;SPOT CTORCH (6W) ROTATABLE;00000507;          ;0;0;0;0;0;0;;;;0.1;0.01;1;0;;;;N;0;16/09/2024 05:07:57;ADMIN          ;519;519;
;SPOT CTORCH (7W);00000508;          ;0;0;0;0;0;0;;;;0.1;0.01;1;0;;;;N;0;16/09/2024 05:10:30;ADMIN          ;520;520;
;SPOT CTORCH 12+12W;00000509;          ;0;0;0;0;0;0;;;;0.1;0.01;1;0;;;;N;0;16/09/2024 05:16:41;ADMIN          ;521;521;
;SPOT CTORCH (15W);00000510;          ;0;0;0;0;0;0;;;;0.1;0.01;1;0;;;;N;0;16/09/2024 05:19:25;ADMIN          ;522;522;
;SPOT OUBO 18W;00000511;          ;0;0;0;0;0;0;;;;0.1;0.01;1;0;;;;N;0;16/09/2024 05:20:08;ADMIN          ;523;523;
;SPOT CTORCH 12+4W 3D COULEUR;00000512;          ;0;0;0;0;0;0;;;;0.1;0.01;1;0;;;;N;1;16/09/2024 05:21:43;ADMIN          ;524;524;
;SPOT ENERGICAL 3D (36W);00000513;          ;0;0;0;0;0;0;;;;0.1;0.01;1;0;;;;N;1;16/09/2024 05:22:29;ADMIN          ;525;525;
;SPOT BAVNLED (12+12W);00000514;          ;0;0;0;0;0;0;;;;0.1;0.01;1;0;;;;N;1;16/09/2024 05:23:24;ADMIN          ;526;526;
;SPOT ENERGICAL 3D (24W);00000515;          ;0;0;0;0;0;0;;;;0.1;0.01;1;0;;;;N;0;16/09/2024 05:24:11;ADMIN          ;527;527;
;SPOT ENERGICAL 3D (18W);00000516;          ;0;0;0;0;0;0;;;;0.1;0.01;1;0;;;;N;0;16/09/2024 05:24:59;ADMIN          ;528;528;
;SPOT MONMAX 12W;00000517;          ;0;0;0;0;0;0;;;;0.1;0.01;1;0;;;;N;0;16/09/2024 05:25:36;ADMIN          ;529;529;
;SPOT CTORCH 3D (15W);00000518;          ;0;0;0;0;0;0;;;;0.1;0.01;1;0;;;;N;0;16/09/2024 05:26:13;ADMIN          ;530;530;
;SPOT CTORCH 3D (6W);00000519;          ;0;0;0;0;0;0;;;;0.1;0.01;1;0;;;;N;0;16/09/2024 05:26:55;ADMIN          ;531;531;
;LAMPE LED CTOVCHE (40W);00000520;          ;0;0;0;0;0;0;;;;0.1;0.01;1;0;;;;N;0;16/09/2024 05:27:39;ADMIN          ;532;532;
;LAMPE LED CTOVCHE (50W);00000521;          ;0;0;0;0;0;0;;;;0.1;0.01;1;0;;;;N;0;16/09/2024 05:28:24;ADMIN          ;533;533;
;LAMPE LED CTOVCHE (13W);00000522;          ;0;0;0;0;0;0;;;;0.1;0.01;1;0;;;;N;0;16/09/2024 05:29:22;ADMIN          ;534;534;
;LAMPE LED CTOVCHE (WIT+B)3 COULR 12W;00000523;          ;0;0;0;0;0;0;;;;0.1;0.01;1;0;;;;N;0;16/09/2024 05:30:01;ADMIN          ;535;535;
;DOMINO;00000524;          ;0;0;0;0;0;0;;;;0.1;0.01;1;0;;;;N;0;16/09/2024 05:30:56;ADMIN          ;536;536;
;SPOT OUBO 36W;00000525;          ;0;0;0;0;0;0;;;;0.1;0.01;1;0;;;;N;0;16/09/2024 05:31:44;ADMIN          ;537;537;
;SPOT OUBO 24W 3D;00000526;          ;0;0;0;0;0;0;;;;0.1;0.01;1;0;;;;N;0;16/09/2024 05:32:21;ADMIN          ;538;538;
;SPOT OBKS 36W 3D;00000527;          ;0;0;0;0;0;0;;;;0.1;0.01;1;0;;;;N;0;16/09/2024 05:33:26;ADMIN          ;539;539;
;SPOT OBKS 10W 3D;00000528;          ;0;0;0;0;0;0;;;;0.1;0.01;1;0;;;;N;0;16/09/2024 05:34:16;ADMIN          ;540;540;
;SPOT ULUX 18W 3D;00000529;          ;0;0;0;0;0;0;;;;0.1;0.01;1;0;;;;N;0;16/09/2024 05:34:49;ADMIN          ;541;541;
;SPOT GHAVELEC 24W 3D;00000530;          ;0;0;0;0;0;0;;;;0.1;0.01;1;0;;;;N;0;16/09/2024 05:35:28;ADMIN          ;542;542;
;SPOT GHAVELEC 18W 3D;00000531;          ;0;0;0;0;0;0;;;;0.1;0.01;1;0;;;;N;0;16/09/2024 05:36:01;ADMIN          ;543;543;
;SPOT GHAVELEC 12W 3D;00000532;          ;0;0;0;0;0;0;;;;0.1;0.01;1;0;;;;N;0;16/09/2024 05:37:05;ADMIN          ;544;544;
;SPOT GHAVELEC 36W 3D;00000533;          ;0;0;0;0;0;0;;;;0.1;0.01;1;0;;;;N;0;16/09/2024 05:37:48;ADMIN          ;545;545;
;SPOT HIGH POWER LAMP;00000534;          ;0;0;0;0;0;0;;;;0.1;0.01;1;0;;;;N;1;16/09/2024 05:38:32;ADMIN          ;546;546;
;SPOT LUX GH LIGHTITG 7826-6;00000535;          ;0;0;0;0;0;0;;;;0.1;0.01;1;0;;;;N;0;16/09/2024 05:39:14;ADMIN          ;547;547;
;SPOT LUX GH LIGHTITG 7403-2;00000536;          ;0;0;0;0;0;0;;;;0.1;0.01;1;0;;;;N;0;16/09/2024 05:40:08;ADMIN          ;548;548;
;LAMPE GM;00000537;          ;0;0;0;0;0;0;;;;0.1;0.01;1;0;;;;N;0;16/09/2024 05:40:50;ADMIN          ;549;549;
;LAMPE PM;00000538;          ;0;0;0;0;0;0;;;;0.1;0.01;1;0;;;;N;0;16/09/2024 05:41:26;ADMIN          ;550;550;
;TRASFO;00000539;          ;0;0;0;0;0;0;;;;0.1;0.01;1;0;;;;N;0;16/09/2024 05:42:19;ADMIN          ;551;551;
;MECHE A BÉTONE (10) VIMCA;00000540;          ;0;0;0;0;0;0;;;;0.1;0.01;1;0;;;;N;0;16/09/2024 05:43:17;ADMIN          ;552;552;
;MECHE A BÉTONE (6) VIMCA;00000541;          ;0;0;0;0;0;0;;;;0.1;0.01;1;0;;;;N;0;16/09/2024 05:43:55;ADMIN          ;553;553;
;MECHE A BÉTONE (6) MAKITA;00000542;          ;0;0;0;0;0;0;;;;0.1;0.01;1;0;;;;N;0;16/09/2024 05:44:51;ADMIN          ;554;554;
;MEKLEA BCTON (05) MAKITA;00000543;          ;0;0;0;0;0;0;;;;0.1;0.01;1;0;;;;N;0;16/09/2024 05:45:39;ADMIN          ;555;555;
;TESTEUR;00000544;          ;0;0;0;0;0;0;;;;0.1;0.01;1;0;;;;N;0;16/09/2024 05:46:20;ADMIN          ;556;556;
;MECHE A BETA (08);00000545;          ;0;0;0;0;0;0;;;;0.1;0.01;1;0;;;;N;0;16/09/2024 05:47:06;ADMIN          ;557;557;
;COUPE TOLL;00000546;          ;0;0;0;0;0;0;;;;0.1;0.01;1;0;;;;N;0;16/09/2024 05:47:51;ADMIN          ;558;558;
;COUTEAU KNAUF (12,5CM);00000547;          ;0;0;0;0;0;0;;;;0.1;0.01;1;0;;;;N;0;16/09/2024 05:48:27;ADMIN          ;559;559;
;COUTEAU ABC (12CM);00000548;          ;0;0;0;0;0;0;;;;0.1;0.01;1;0;;;;N;0;16/09/2024 05:49:15;ADMIN          ;560;560;
;COUTEAU ABC (18CM);00000549;          ;0;0;0;0;0;0;;;;0.1;0.01;1;0;;;;N;0;16/09/2024 05:50:03;ADMIN          ;561;561;
;COUTEAU CORSA (NO*(2);00000550;          ;0;0;0;0;0;0;;;;0.1;0.01;1;0;;;;N;0;16/09/2024 05:50:38;ADMIN          ;562;562;
;COUTEAU CORSA (NO*(3);00000551;          ;0;0;0;0;0;0;;;;0.1;0.01;1;0;;;;N;0;16/09/2024 05:51:29;ADMIN          ;563;563;
;COUTEAU CORSA (15CM);00000552;          ;0;0;0;0;0;0;;;;0.1;0.01;1;0;;;;N;0;16/09/2024 05:52:08;ADMIN          ;564;564;
;COUTEAU CORSA (18CM);00000553;          ;0;0;0;0;0;0;;;;0.1;0.01;1;0;;;;N;0;16/09/2024 05:52:46;ADMIN          ;565;565;
;GRATOIRE GM (30*8CM);00000554;          ;0;0;0;0;0;0;;;;0.1;0.01;1;0;;;;N;0;16/09/2024 05:53:47;ADMIN          ;566;566;
;MNCHAR01;00000555;          ;0;0;0;0;0;0;;;;0.1;0.01;1;0;;;;N;0;16/09/2024 05:54:42;ADMIN          ;567;567;
;MNCHAR02;00000556;          ;0;0;0;0;0;0;;;;0.1;0.01;1;0;;;;N;0;16/09/2024 05:55:14;ADMIN          ;568;568;
;MECHE VISSEUSE;00000557;          ;0;0;0;0;0;0;;;;0.1;0.01;1;0;;;;N;0;16/09/2024 05:56:19;ADMIN          ;569;569;
;MECHE VISSEUSE;00000558;          ;0;0;0;0;0;0;;;;0.1;0.01;1;0;;;;N;0;16/09/2024 05:58:41;ADMIN          ;570;570;
;METRE PRO METAL (7,5M);00000559;          ;0;0;0;0;0;0;;;;0.1;0.01;1;0;;;;N;0;16/09/2024 05:59:18;ADMIN          ;571;571;
;METRE PRO METAL (5M);00000560;          ;0;0;0;0;0;0;;;;0.1;0.01;1;0;;;;N;0;16/09/2024 06:00:01;ADMIN          ;572;572;
;METRE DINGOI (5M);00000561;          ;0;0;0;0;0;0;;;;0.1;0.01;1;0;;;;N;0;16/09/2024 06:00:47;ADMIN          ;573;573;
;METRE SVEDEN (7,5M);00000562;          ;0;0;0;0;0;0;;;;0.1;0.01;1;0;;;;N;0;16/09/2024 06:01:32;ADMIN          ;574;574;
;METRE PRO METAL (3M);00000563;          ;0;0;0;0;0;0;;;;0.1;0.01;1;0;;;;N;0;16/09/2024 06:02:51;ADMIN          ;575;575;
;METRE SVEDEN (5M);00000564;          ;0;0;0;0;0;0;;;;0.1;0.01;1;0;;;;N;0;16/09/2024 06:03:23;ADMIN          ;576;576;
;METRE SVEDEN (3M);00000565;          ;0;0;0;0;0;0;;;;0.1;0.01;1;0;;;;N;0;16/09/2024 06:04:08;ADMIN          ;577;577;
;METRE INCCO (3M);00000566;          ;0;0;0;0;0;0;;;;0.1;0.01;1;0;;;;N;0;16/09/2024 06:04:45;ADMIN          ;578;578;
;METRE TCUTEUR;00000567;          ;0;0;0;0;0;0;;;;0.1;0.01;1;0;;;;N;0;16/09/2024 06:05:22;ADMIN          ;579;579;
;RABOT MAXI (14CM);00000568;          ;0;0;0;0;0;0;;;;0.1;0.01;1;0;;;;N;0;16/09/2024 06:06:08;ADMIN          ;580;580;
;RABOT ALUM;00000569;          ;0;0;0;0;0;0;;;;0.1;0.01;1;0;;;;N;0;16/09/2024 06:06:47;ADMIN          ;581;581;
;RABOT  PRO MITAL;00000570;          ;0;0;0;0;0;0;;;;0.1;0.01;1;0;;;;N;0;16/09/2024 06:08:21;ADMIN          ;582;582;
;HORLOGE PM;00000571;          ;0;0;0;0;0;0;;;;0.1;0.01;1;0;;;;N;0;16/09/2024 06:09:20;ADMIN          ;583;583;
;STICKER FEILLE 3D;00000572;          ;0;0;0;0;0;0;;;;0.1;0.01;1;0;;;;N;0;16/09/2024 06:10:31;ADMIN          ;584;584;
;HORLOGR GM;00000573;          ;0;0;0;0;0;0;;;;0.1;0.01;1;0;;;;N;0;16/09/2024 06:11:24;ADMIN          ;585;585;
;OMEGA CLIP;00000574;          ;0;0;0;0;0;0;;;;0.1;0.01;1;0;;;;N;0;16/09/2024 06:12:15;ADMIN          ;586;586;
;SPOT ETOIL  2286-10;00000575;          ;0;0;0;0;0;0;;;;0.1;0.01;1;0;;;;N;0;16/09/2024 06:13:30;ADMIN          ;587;587;
;LISTER BOIS PM;00000576;          ;0;0;0;0;0;0;;;;0.1;0.01;1;0;;;;N;0;16/09/2024 06:14:09;ADMIN          ;588;588;
;LISTER BOIS GM;00000577;          ;0;0;0;0;0;0;;;;0.1;0.01;1;0;;;;N;0;16/09/2024 06:14:44;ADMIN          ;589;589;
;SUPORTE TIGE FORM P PM;00000578;          ;0;0;0;0;0;0;;;;0.1;0.01;1;0;;;;N;0;16/09/2024 06:15:22;ADMIN          ;590;590;
;LADOUIT PLACO;00000579;          ;0;0;0;0;0;0;;;;0.1;0.01;1;0;;;;N;0;16/09/2024 06:16:03;ADMIN          ;591;591;
;LISTER NOIR CUSINE;00000580;          ;0;0;0;0;0;0;;;;0.1;0.01;1;0;;;;N;0;16/09/2024 06:16:34;ADMIN          ;592;592;
;SUPORTE TIGE FORM P GM;00000581;          ;0;0;0;0;0;0;;;;0.1;0.01;1;0;;;;N;0;16/09/2024 06:17:12;ADMIN          ;593;593;
;BIDOUN PM;00000582;          ;0;0;0;0;0;0;;;;0.1;0.01;1;0;;;;N;0;16/09/2024 06:17:51;ADMIN          ;594;594;
;ENDUIT 5KG;00000583;          ;0;0;0;0;0;0;;;;0.1;0.01;1;0;;;;N;0;16/09/2024 06:18:31;ADMIN          ;595;595;
;RACORE FIREUR;00000584;          ;0;0;0;0;0;0;;;;0.1;0.01;1;0;;;;N;0;16/09/2024 06:19:14;ADMIN          ;596;596;
;VIS KARMOUD;00000585;          ;0;0;0;0;0;0;;;;0.1;0.01;1;0;;;;N;0;16/09/2024 06:19:56;ADMIN          ;597;597;
;MIXEUR;00000586;          ;0;0;0;0;0;0;;;;0.1;0.01;1;0;;;;N;0;16/09/2024 06:20:42;ADMIN          ;598;598;
;RABOT MITAL KNAUF;00000587;          ;0;0;0;0;0;0;;;;0.1;0.01;1;0;;;;N;0;16/09/2024 06:21:25;ADMIN          ;599;599;
;RABOT AKISIX;00000588;          ;0;0;0;0;0;0;;;;0.1;0.01;1;0;;;;N;0;16/09/2024 06:22:13;ADMIN          ;600;600;
;RABOT MAXI PRO;00000589;          ;0;0;0;0;0;0;;;;0.1;0.01;1;0;;;;N;0;16/09/2024 06:25:58;ADMIN          ;601;601;
;RABOT MAXI PRO 140 CM;00000590;          ;0;0;0;0;0;0;;;;0.1;0.01;1;0;;;;N;0;16/09/2024 06:26:30;ADMIN          ;602;602;
;RABOT BLEU (ME);00000591;          ;0;0;0;0;0;0;;;;0.1;0.01;1;0;;;;N;0;16/09/2024 06:27:15;ADMIN          ;603;603;
;TRASEUR PRO META (PMF 166);00000592;          ;0;0;0;0;0;0;;;;0.1;0.01;1;0;;;;N;0;16/09/2024 06:27:49;ADMIN          ;604;604;
;TRASEUR CANELLE;00000593;          ;0;0;0;0;0;0;;;;0.1;0.01;1;0;;;;N;0;16/09/2024 06:28:29;ADMIN          ;605;605;
;RABOT METAL AKFIX NAP;00000594;          ;0;0;0;0;0;0;;;;0.1;0.01;1;0;;;;N;0;16/09/2024 06:29:11;ADMIN          ;606;606;
;ENSOMBLE CIKLOCHE;00000595;          ;0;0;0;0;0;0;;;;0.1;0.01;1;0;;;;N;0;16/09/2024 06:29:42;ADMIN          ;607;607;
;CUTTEUR WILITQ KNIF;00000596;          ;0;0;0;0;0;0;;;;0.1;0.01;1;0;;;;N;0;16/09/2024 06:30:24;ADMIN          ;608;608;
;CUTTEUR WILITQ KNIF 2 PIECE;00000597;          ;0;0;0;0;0;0;;;;0.1;0.01;1;0;;;;N;0;16/09/2024 06:31:14;ADMIN          ;609;609;
;CUTTEUR MCHER;00000598;          ;0;0;0;0;0;0;;;;0.1;0.01;1;0;;;;N;0;16/09/2024 06:32:00;ADMIN          ;610;610;
;MARTO CROWN CT 18026;00000599;          ;0;0;0;0;0;0;;;;0.1;0.01;1;0;;;;N;0;16/09/2024 06:32:47;ADMIN          ;611;611;
;MARTO CROWN CT 18054;00000600;          ;0;0;0;0;0;0;;;;0.1;0.01;1;0;;;;N;0;16/09/2024 06:40:32;ADMIN          ;612;612;
;MARTO CROWN CT 31011;00000601;          ;0;0;0;0;0;0;;;;0.1;0.01;1;0;;;;N;0;16/09/2024 06:41:27;ADMIN          ;613;613;
;TRANSFU;00000602;          ;0;0;0;0;0;0;;;;0.1;0.01;1;0;;;;N;0;16/09/2024 06:42:01;ADMIN          ;614;614;
;TRANSFU SPOT;00000603;          ;0;0;0;0;0;0;;;;0.1;0.01;1;0;;;;N;0;16/09/2024 06:42:39;ADMIN          ;615;615;
;PVC 027 MIX;00000615;          ;0;0;0;0;0;0;;;;0.1;0.01;1;0;;;;N;0;17/09/2024 23:15:57;ADMIN          ;627;627;
;MONTOR 07;00000623;          ;0;0;0;0;0;0;;;;0.1;0.01;1;0;;;;N;0;17/09/2024 23:33:28;ADMIN          ;635;635;
;MONTOR 05;00000624;          ;0;0;0;0;0;0;;;;0.1;0.01;1;0;;;;N;0;17/09/2024 23:35:21;ADMIN          ;636;636;
;OMIGA;00000625;          ;0;0;0;0;0;0;;;;0.1;0.01;1;0;;;;N;0;17/09/2024 23:37:07;ADMIN          ;637;637;
;CORNIRE PERFORE;00000627;          ;0;0;0;0;0;0;;;;0.1;0.01;1;0;;;;N;0;17/09/2024 23:38:58;ADMIN          ;639;639;
;RAYE 05;00000628;          ;0;0;0;0;0;0;;;;0.1;0.01;1;0;;;;N;0;17/09/2024 23:39:32;ADMIN          ;640;640;
;FIRON 03;00000629;          ;0;0;0;0;0;0;;;;0.1;0.01;1;0;;;;N;0;17/09/2024 23:40:01;ADMIN          ;641;641;
;FIRON 04;00000630;          ;0;0;0;0;0;0;;;;0.1;0.01;1;0;;;;N;0;17/09/2024 23:40:37;ADMIN          ;642;642;
;FENATRE PLACO GM;00000631;          ;0;0;0;0;0;0;;;;0.1;0.01;1;0;;;;N;0;17/09/2024 23:41:16;ADMIN          ;643;643;
;FENATRE PLACO MM;00000632;          ;0;0;0;0;0;0;;;;0.1;0.01;1;0;;;;N;0;17/09/2024 23:41:54;ADMIN          ;644;644;
;FENATRE PLACO PM;00000633;          ;0;0;0;0;0;0;;;;0.1;0.01;1;0;;;;N;0;17/09/2024 23:42:24;ADMIN          ;645;645;
;SUPORTE BANDE (201531);00000634;          ;0;0;0;0;0;0;;;;0.1;0.01;1;0;;;;N;0;17/09/2024 23:43:03;ADMIN          ;646;646;
;GHORGE PVC;00000635;          ;0;0;0;0;0;0;;;;0.1;0.01;1;0;;;;N;0;17/09/2024 23:48:03;ADMIN          ;647;647;
;BANDE ARMEE 45;00000636;          ;0;0;0;0;0;0;;;;0.1;0.01;1;0;;;;N;0;17/09/2024 23:53:59;ADMIN          ;648;648;
;CHARTITO GM;00000637;          ;0;0;0;0;0;0;;;;0.1;0.01;1;0;;;;N;0;17/09/2024 23:54:45;ADMIN          ;649;649;
;CHARTITO PM;00000638;          ;0;0;0;0;0;0;;;;0.1;0.01;1;0;;;;N;0;17/09/2024 23:55:23;ADMIN          ;650;650;
;SUPPORT LASER BP;00000639;          ;0;0;0;0;0;0;;;;0.1;0.01;1;0;;;;N;0;17/09/2024 23:56:14;ADMIN          ;651;651;
;TIGE 60 CM PLACO;00000656;          ;0;0;0;0;0;0;;;;0.1;0.01;1;0;;;;N;0;18/09/2024 00:33:45;ADMIN          ;668;668;
;FIRON 05;00000657;          ;0;0;0;0;0;0;;;;0.1;0.01;1;0;;;;N;0;20/09/2024 23:03:11;ADMIN          ;669;669;
;B10;00000658;          ;0;0;0;0;0;0;;;;0.1;0.01;1;0;;;;N;0;21/09/2024 00:20:42;ADMIN          ;670;670;
;RAYE07;00000659;          ;0;0;0;0;0;0;;;;0.1;0.01;1;0;;;;N;0;21/09/2024 00:27:12;ADMIN          ;671;671;
;CROU;00000660;          ;0;0;0;0;0;0;;;;0.1;0.01;1;0;;;;N;0;21/09/2024 00:57:15;ADMIN          ;672;672;
;LONDOUI;00000661;          ;0;0;0;0;0;0;;;;0.1;0.01;1;0;;;;N;0;21/09/2024 03:41:33;ADMIN          ;673;673;
;LONDOUI;00000662;          ;0;0;0;0;0;0;;;;0.1;0.01;1;0;;;;N;0;21/09/2024 03:47:21;ADMIN          ;674;674;
;LUMÉRE CACHÉE;00000663;          ;0;0;0;0;0;0;;;;0.1;0.01;1;0;;;;N;0;21/09/2024 04:50:24;ADMIN          ;675;675;
;PAPILLON;00000664;          ;0;0;0;0;0;0;;;;0.1;0.01;1;0;;;;N;0;21/09/2024 05:19:13;ADMIN          ;676;676;
;DÉFONCEUSE;00000665;          ;0;0;0;0;0;0;;;;0.1;0.01;1;0;;;;N;0;21/09/2024 23:00:43;ADMIN          ;677;677;
;MARTEAU PIQUEUR CT18026;00000666;          ;0;0;0;0;0;0;;;;0.1;0.01;1;0;;;;N;0;21/09/2024 23:06:51;ADMIN          ;678;678;
;MARTEAU PIQUEUR;00000667;          ;0;0;0;0;0;0;;;;0.1;0.01;1;0;;;;N;0;21/09/2024 23:11:54;ADMIN          ;679;679;
;CHEVILLE LITAUX;00000668;          ;0;0;0;0;0;0;;;;0.1;0.01;;0;;;;N;0;22/09/2024 03:40:59;ADMIN          ;680;680;
;SLICONE;00000669;          ;0;0;0;0;0;0;;;;0.1;0.01;1;0;;;;N;0;22/09/2024 04:03:26;ADMIN          ;681;681;
;METRE LUX;00000670;          ;0;0;0;0;0;0;;;;0.1;0.01;1;0;;;;N;0;22/09/2024 04:09:17;ADMIN          ;682;682;
;LED 12V DE ESCALIER;00000671;          ;0;0;0;0;0;0;;;;0.1;0.01;1;0;;;;N;0;23/09/2024 20:50:40;ADMIN          ;683;683;
;TRANSFO 12V 400W DE ESCALIER;00000672;          ;0;0;0;0;0;0;;;;0.1;0.01;1;0;;;;N;0;23/09/2024 20:52:40;ADMIN          ;684;684;
;BLANCH KARMOUD;00000673;          ;0;0;0;0;0;0;;;;0.1;0.01;1;0;;;;N;0;24/09/2024 05:20:43;ADMIN          ;685;685;
;ADOUCISSEUR 2M3/H 20L RESINE (935);00000674;          ;0;0;0;0;0;0;;;;0.1;0.01;1;0;;;;N;0;24/09/2024 22:17:46;ADMIN          ;686;686;
;VASE DÉXPANSION 35L;00000675;          ;0;0;0;0;0;0;;;;0.1;0.01;1;0;;;;N;0;24/09/2024 23:12:44;ADMIN          ;687;687;
;VANNE D'ARRET 33/42;00000676;          ;0;0;0;0;0;0;;;;0.1;0.01;1;0;;;;N;0;24/09/2024 23:14:46;ADMIN          ;688;688;
;LEO POMPE VIDE CAVE STK 50F;00000677;          ;0;0;0;0;0;0;;;;0.1;0.01;1;0;;;;N;0;24/09/2024 23:43:57;ADMIN          ;689;689;
;ÉLÉCTROVANNE HARVERS 33/42;00000678;          ;0;0;0;0;0;0;;;;0.1;0.01;1;0;;;;N;0;24/09/2024 23:45:59;ADMIN          ;690;690;
;ACCELERATEUR DAB 33/42;00000679;          ;0;0;0;0;0;0;;;;0.1;0.01;1;0;;;;N;0;25/09/2024 03:29:01;ADMIN          ;691;691;
;COLLECTEUR  33/42;00000680;          ;0;0;0;0;0;0;;;;0.1;0.01;1;0;;;;N;0;25/09/2024 03:30:29;ADMIN          ;692;692;
;ITAP VENTOUS 15/21;00000681;          ;0;0;0;0;0;0;;;;0.1;0.01;1;0;;;;N;0;25/09/2024 03:33:08;ADMIN          ;693;693;
;SOUPAPE DE SECURITE 1/2 3BAR +MANO;00000682;          ;0;0;0;0;0;0;;;;0.1;0.01;1;0;;;;N;0;25/09/2024 03:39:53;ADMIN          ;694;694;
;MANO SEC D 53/16 BAR;00000683;          ;0;0;0;0;0;0;;;;0.1;0.01;1;0;;;;N;0;25/09/2024 03:41:44;ADMIN          ;695;695;
;THÉRMOMETRE IMMIER 120 DROIT BR;00000684;          ;0;0;0;0;0;0;;;;0.1;0.01;1;0;;;;N;0;25/09/2024 03:43:30;ADMIN          ;696;696;
;PC RAC COMPTEUR 06/20 LANGS;00000685;          ;0;0;0;0;0;0;;;;0.1;0.01;1;0;;;;N;0;25/09/2024 03:45:09;ADMIN          ;697;697;
;PPR VANNE SPH 63 BLANC;00000686;          ;0;0;0;0;0;0;;;;0.1;0.01;1;0;;;;N;0;25/09/2024 03:46:32;ADMIN          ;698;698;
;BARRE PROFILE B10 2CM GRIS;00000687;          ;0;0;0;0;0;0;;;;0.1;0.01;1;0;;;;N;0;25/09/2024 03:48:13;ADMIN          ;699;699;
;BARRE PROFILE B10 2CM NOIR;00000688;          ;0;0;0;0;0;0;;;;0.1;0.01;1;0;;;;N;0;25/09/2024 03:49:59;ADMIN          ;700;700;
;BARRE PROFILE B10 2CM DORE;00000689;          ;0;0;0;0;0;0;;;;0.1;0.01;1;0;;;;N;0;25/09/2024 03:50:55;ADMIN          ;701;701;
;RUBAN LED BLANC 220 V;00000690;          ;0;0;0;0;0;0;;;;0.1;0.01;1;0;;;;N;0;25/09/2024 03:52:45;ADMIN          ;702;702;
;RUBAN LED JAUN 220 V;00000691;          ;0;0;0;0;0;0;;;;0.1;0.01;1;0;;;;N;0;25/09/2024 04:04:10;ADMIN          ;703;703;
;FICHE LED PROFILE 220V;00000692;          ;0;0;0;0;0;0;;;;0.1;0.01;1;0;;;;N;0;25/09/2024 04:05:12;ADMIN          ;704;704;
;ATLAS FILRE BIG 20 CRESTAUX TRANS;00000693;          ;0;0;0;0;0;0;;;;0.1;0.01;1;0;;;;N;0;25/09/2024 04:09:36;ADMIN          ;705;705;
;ATLAS FILRE BIG 20 TRANS;00000694;          ;0;0;0;0;0;0;;;;0.1;0.01;1;0;;;;N;0;25/09/2024 04:10:52;ADMIN          ;706;706;
;PIC ECHANG CHALT TUB 25KW TITAN;00000695;          ;0;0;0;0;0;0;;;;0.1;0.01;1;0;;;;N;0;25/09/2024 04:13:01;ADMIN          ;707;707;
;LEO POMPE SPA 1300W;00000696;          ;0;0;0;0;0;0;;;;0.1;0.01;1;0;;;;N;0;25/09/2024 04:28:20;ADMIN          ;708;708;
;PIC BOUCHE DE REFOULEMENT GMS FILTRE 7M/H;00000697;          ;0;0;0;0;0;0;;;;0.1;0.01;1;0;;;;N;0;25/09/2024 04:50:17;ADMIN          ;709;709;
;PIC BOUCHE DE REFOULEMENT DE FOND 50  FILTRE GMS  7M/H;00000698;          ;0;0;0;0;0;0;;;;0.1;0.01;1;0;;;;N;0;25/09/2024 04:53:34;ADMIN          ;710;710;
;CHOUDIERE INERGICAL 36 VENTES;00000699;          ;0;0;0;0;0;0;;;;0.1;0.01;1;0;;;;N;0;25/09/2024 04:57:41;ADMIN          ;711;711;
;SPOT 18W COB;00000700;          ;0;0;0;0;0;0;;;;0.1;0.01;1;0;;;;N;0;25/09/2024 05:58:22;ADMIN          ;712;712;
;SPOT CRISTAL 81226;00000701;          ;0;0;0;0;0;0;;;;0.1;0.01;1;0;;;;N;0;25/09/2024 06:01:27;ADMIN          ;713;713;
;TRANSFO ÉTONCH  100W 12V;00000702;          ;0;0;0;0;0;0;;;;0.1;0.01;1;0;;;;N;0;25/09/2024 06:08:42;ADMIN          ;714;714;
;SPOT ETANCHE 3LED 12V BLANCH;00000703;          ;0;0;0;0;0;0;;;;0.1;0.01;1;0;;;;N;0;25/09/2024 06:11:01;ADMIN          ;715;715;
;LED PROFILE 3M BIO;00000704;          ;0;0;0;0;0;0;;;;0.1;0.01;1;0;;;;N;0;25/09/2024 06:35:48;ADMIN          ;716;716;
;LED PROFILE 3M BLACK;00000705;          ;0;0;0;0;0;0;;;;0.1;0.01;1;0;;;;N;0;25/09/2024 06:37:34;ADMIN          ;717;717;
;LED PROFILE 3M GOLD;00000706;          ;0;0;0;0;0;0;;;;0.1;0.01;1;0;;;;N;0;25/09/2024 06:38:41;ADMIN          ;718;718;
;LED PROFILE 3M SILVER;00000707;          ;0;0;0;0;0;0;;;;0.1;0.01;1;0;;;;N;0;25/09/2024 06:40:05;ADMIN          ;719;719;
;LED PROFILE 3M BRONZ;00000708;          ;0;0;0;0;0;0;;;;0.1;0.01;1;0;;;;N;0;25/09/2024 06:40:47;ADMIN          ;720;720;
;SPOT CRISTAL C1404;00000709;          ;0;0;0;0;0;0;;;;0.1;0.01;1;0;;;;N;1;25/09/2024 21:02:26;ADMIN          ;721;721;
;SPOT CARCAS IP;00000710;          ;0;0;0;0;0;0;;;;0.1;0.01;1;0;;;;N;0;25/09/2024 21:04:54;ADMIN          ;722;722;
;SPOT CARCAS IP PHOMISI;00000711;          ;0;0;0;0;0;0;;;;0.1;0.01;1;0;;;;N;0;25/09/2024 21:07:53;ADMIN          ;723;723;
;DOUILLE G10;00000712;          ;0;0;0;0;0;0;;;;0.1;0.01;1;0;;;;N;0;25/09/2024 21:09:20;ADMIN          ;724;724;
;LAMPE LED G10 9W BL;00000713;          ;0;0;0;0;0;0;;;;0.1;0.01;1;0;;;;N;0;25/09/2024 21:15:17;ADMIN          ;725;725;
;LAMPE LED G10 9W JN;00000714;          ;0;0;0;0;0;0;;;;0.1;0.01;1;0;;;;N;0;25/09/2024 21:26:33;ADMIN          ;726;726;
;APPLIQUE LED A98;00000715;          ;0;0;0;0;0;0;;;;0.1;0.01;1;0;;;;N;0;25/09/2024 22:07:32;ADMIN          ;727;727;
;APPLIQUE LED DL 1325;00000716;          ;0;0;0;0;0;0;;;;0.1;0.01;1;0;;;;N;0;25/09/2024 22:09:57;ADMIN          ;728;728;
;SPOT APPARENT 15W ROND;00000717;          ;0;0;0;0;0;0;;;;0.1;0.01;1;0;;;;N;0;25/09/2024 22:11:07;ADMIN          ;729;729;
;RUBAN LED 5M 12V;00000718;          ;0;0;0;0;0;0;;;;0.1;0.01;1;0;;;;N;0;25/09/2024 22:13:15;ADMIN          ;730;730;
;TRANSFO 12 V 16.7 A 200W;00000719;          ;0;0;0;0;0;0;;;;0.1;0.01;1;0;;;;N;0;25/09/2024 22:16:18;ADMIN          ;731;731;
;SPOT CARCAS CAR IP N;00000720;          ;0;0;0;0;0;0;;;;0.1;0.01;1;0;;;;N;0;25/09/2024 22:18:51;ADMIN          ;732;732;
;TABLE GRANITE NOIR (2EME);00000721;          ;0;0;0;0;0;0;;;;0.1;0.01;1;0;;;;N;0;26/09/2024 03:59:35;ADMIN          ;733;733;
;FAUX MARBRE 1;00000722;          ;0;0;0;0;0;0;;;;0.1;0.01;1;0;;;;N;0;26/09/2024 04:30:55;ADMIN          ;734;734;
;FAUX MARBRE 2;00000723;          ;0;0;0;0;0;0;;;;0.1;0.01;1;0;;;;N;0;26/09/2024 04:32:02;ADMIN          ;735;735;
;DÉMONTABLE 60/60;00000724;          ;0;0;0;0;0;0;;;;0.1;0.01;1;0;;;;N;0;27/09/2024 21:18:53;ADMIN          ;736;736;
;PATTE DE JOUINT;00000725;          ;0;0;0;0;0;0;;;;0.1;0.01;1;0;;;;N;0;27/09/2024 21:21:03;ADMIN          ;737;737;
;SPOT 10W;00000726;          ;0;0;0;0;0;0;;;;0.1;0.01;1;0;;;;N;1;27/09/2024 21:26:43;ADMIN          ;738;738;
;SPOTE VID;00000727;          ;0;0;0;0;0;0;;;;0.1;0.01;1;0;;;;N;0;27/09/2024 21:29:02;ADMIN          ;739;739;
;APPLIQUE;00000728;          ;0;0;0;0;0;0;;;;0.1;0.01;1;0;;;;N;0;27/09/2024 21:30:27;ADMIN          ;740;740;
;SPOT PM;00000729;          ;0;0;0;0;0;0;;;;0.1;0.01;1;0;;;;N;0;27/09/2024 21:32:14;ADMIN          ;741;741;
;DOUI;00000730;          ;0;0;0;0;0;0;;;;0.1;0.01;1;0;;;;N;0;27/09/2024 21:33:19;ADMIN          ;742;742;
;SPOT CRISTAL;00000731;          ;0;0;0;0;0;0;;;;0.1;0.01;1;0;;;;N;1;27/09/2024 21:55:17;ADMIN          ;743;743;
;SPOT APPARENT;00000732;          ;0;0;0;0;0;0;;;;0.1;0.01;1;0;;;;N;0;27/09/2024 21:58:14;ADMIN          ;744;744;
;APPLIQUE;00000733;          ;0;0;0;0;0;0;;;;0.1;0.01;1;0;;;;N;0;27/09/2024 22:00:05;ADMIN          ;745;745;
;SPOT APPARENT;00000734;          ;0;0;0;0;0;0;;;;0.1;0.01;1;0;;;;N;0;27/09/2024 22:04:03;ADMIN          ;746;746;
;LED;00000735;          ;0;0;0;0;0;0;;;;0.1;0.01;1;0;;;;N;0;27/09/2024 22:06:24;ADMIN          ;747;747;
;SPOTE APPARENT 30 W;00000736;          ;0;0;0;0;0;0;;;;0.1;0.01;1;0;;;;N;0;27/09/2024 22:09:18;ADMIN          ;748;748;
;APPLIQUE VICAS;00000737;          ;0;0;0;0;0;0;;;;0.1;0.01;1;0;;;;N;0;27/09/2024 22:10:08;ADMIN          ;749;749;
;LED HOUCHE 24 W;00000738;          ;0;0;0;0;0;0;;;;0.1;0.01;1;0;;;;N;0;27/09/2024 22:10:47;ADMIN          ;750;750;
;LED HOUCHE 24W LONG;00000739;          ;0;0;0;0;0;0;;;;0.1;0.01;1;0;;;;N;0;27/09/2024 22:12:19;ADMIN          ;751;751;
;LISTRE PETITE MODELE;00000740;          ;0;0;0;0;0;0;;;;0.1;0.01;1;0;;;;N;0;27/09/2024 22:13:04;ADMIN          ;752;752;
;SPOTE PETITTE MODELE APARENT 15 W;00000741;          ;0;0;0;0;0;0;;;;0.1;0.01;1;0;;;;N;0;27/09/2024 22:14:11;ADMIN          ;753;753;
;APLIQUE ST008 B7;00000742;          ;0;0;0;0;0;0;;;;0.1;0.01;1;0;;;;N;0;27/09/2024 22:16:21;ADMIN          ;754;754;
;KOUVRE RIF;00000746;          ;0;0;0;0;0;0;;;;0.1;0.01;1;0;;;;N;0;27/09/2024 22:27:30;ADMIN          ;758;758;
;BRATONERE;00000747;          ;0;0;0;0;0;0;;;;0.1;0.01;1;0;;;;N;0;27/09/2024 22:32:35;ADMIN          ;759;759;
;VONTILEAU KARMOUD;00000748;          ;0;0;0;0;0;0;;;;0.1;0.01;1;0;;;;N;0;27/09/2024 22:33:46;ADMIN          ;760;760;
;WARDA KARMOUD;00000750;          ;0;0;0;0;0;0;;;;0.1;0.01;1;0;;;;N;0;27/09/2024 22:37:02;ADMIN          ;762;762;
;9ALB KARMOUD;00000751;          ;0;0;0;0;0;0;;;;0.1;0.01;1;0;;;;N;0;27/09/2024 22:38:18;ADMIN          ;763;763;
;APPLIQUE 3500 DA;00000755;          ;0;0;0;0;0;0;;;;0.1;0.01;1;0;;;;N;0;28/09/2024 22:46:58;ADMIN          ;767;767;
;PORTE TUBE 1*2.15 NOIR ISLAI LAHMEM;00000756;          ;0;0;0;0;0;0;;;;0.1;0.01;1;0;;;;N;0;29/09/2024 03:29:36;ADMIN          ;768;768;
GAZ;COMPTEUR GAZ;00000757;          ;0;0;0;0;0;0;;;;0.1;0.01;1;0;;;;N;0;29/09/2024 03:30:46;ADMIN          ;769;769;
;PORTE EXPO BOIS;00000758;          ;0;0;0;0;0;0;;;;0.1;0.01;1;0;;;;N;0;29/09/2024 03:31:38;ADMIN          ;770;770;
;SUPPORT PORTE;00000759;          ;0;0;0;0;0;0;;;;0.1;0.01;1;0;;;;N;0;29/09/2024 03:32:59;ADMIN          ;771;771;
;PORTE A +SANS CADRE 1.04*2.04;00000760;          ;0;0;0;0;0;0;;;;0.1;0.01;1;0;;;;N;0;29/09/2024 03:34:38;ADMIN          ;772;772;
;SERIER COMPTEUR;00000761;          ;0;0;0;0;0;0;;;;0.1;0.01;1;0;;;;N;0;29/09/2024 03:38:03;ADMIN          ;773;773;
;PORTE A+ PM ÉLECTRIQUE;00000762;          ;0;0;0;0;0;0;;;;0.1;0.01;1;0;;;;N;0;29/09/2024 03:39:12;ADMIN          ;774;774;
;PORTE EXPO DOUBLE ÉLECTRIQUE;00000763;          ;0;0;0;0;0;0;;;;0.1;0.01;1;0;;;;N;0;29/09/2024 03:40:43;ADMIN          ;775;775;
;2 PORTE BARBIQUE PM BOIS;00000764;          ;0;0;0;0;0;0;;;;0.1;0.01;1;0;;;;N;0;29/09/2024 03:46:48;ADMIN          ;776;776;
;PORTE DOUBLE ALIKO FER FORRJET 1.2*2.2;00000765;          ;0;0;0;0;0;0;;;;0.1;0.01;1;0;;;;N;0;29/09/2024 03:48:11;ADMIN          ;777;777;
;PORTE DOUBLE ALIKO FER FORRJET 1*2.2;00000766;          ;0;0;0;0;0;0;;;;0.1;0.01;1;0;;;;N;0;29/09/2024 03:49:39;ADMIN          ;778;778;
;PORTE DOUBLE ALIKO FER FORRJET 1.2*2.2 ÉLECTRIQUE;00000767;          ;0;0;0;0;0;0;;;;0.1;0.01;1;0;;;;N;0;29/09/2024 03:51:49;ADMIN          ;779;779;
;PORTE BOIS 1*2.2 BP3 EXT;00000768;          ;0;0;0;0;0;0;;;;0.1;0.01;1;0;;;;N;0;29/09/2024 03:53:47;ADMIN          ;780;780;
;FENETRE 1.4*1.8;00000769;          ;0;0;0;0;0;0;;;;0.1;0.01;1;0;;;;N;0;29/09/2024 04:03:09;ADMIN          ;781;781;
;PLAFONDE HAOUCHE 1.48*4;00000770;          ;0;0;0;0;0;0;;;;0.1;0.01;1;0;;;;N;0;29/09/2024 04:05:30;ADMIN          ;782;782;
;FENETRE BALCON 4*0.95;00000771;          ;0;0;0;0;0;0;;;;0.1;0.01;1;0;;;;N;0;29/09/2024 04:08:23;ADMIN          ;783;783;
;FENETRE BALCON 3*0.95;00000772;          ;0;0;0;0;0;0;;;;0.1;0.01;1;0;;;;N;0;29/09/2024 04:09:09;ADMIN          ;784;784;
;FENETRE 1.4*1.8 ANCIEN;00000773;          ;0;0;0;0;0;0;;;;0.1;0.01;1;0;;;;N;0;29/09/2024 04:22:19;ADMIN          ;785;785;
;SOLIDE JUIN 2024;00000774;          ;0;0;0;0;0;0;;;;0.1;0.01;1;0;;;;N;0;29/09/2024 04:27:10;ADMIN          ;786;786;
;PORTE EXPO DB VEN ÉLECTRIQUE;00000775;          ;0;0;0;0;0;0;;;;0.1;0.01;1;0;;;;N;0;29/09/2024 04:35:55;ADMIN          ;787;787;
;FENETRE 1.2*80;00000776;          ;0;0;0;0;0;0;;;;0.1;0.01;1;0;;;;N;0;29/09/2024 04:38:07;ADMIN          ;788;788;
;PORTE BT CHINOIS 1*2.1;00000777;          ;0;0;0;0;0;0;;;;0.1;0.01;1;0;;;;N;0;29/09/2024 04:39:46;ADMIN          ;789;789;
;BAGITTE SÉP SAMPLE;00000786;          ;0;0;0;0;0;0;;;;0.1;0.01;1;0;;;;N;0;01/10/2024 06:08:11;ADMIN          ;798;798;
;DDS CMC (45*45) STAR BEIGE 1CH;00000787;          ;0;0;0;0;0;0;;;;0.1;0.01;1;0;;;;N;0;01/10/2024 23:30:34;ADMIN          ;799;799;
;PASSTA ROZA HADJRA;00000788;          ;0;0;0;0;0;0;;;;0.1;0.01;1;0;;;;N;0;02/10/2024 03:30:25;ADMIN          ;800;800;
;POUDRE GRIFI;00000790;          ;0;0;0;0;0;0;;;;0.1;0.01;1;0;;;;N;0;02/10/2024 05:48:49;ADMIN          ;802;802;
;ffs fin de série;00000791;          ;0;0;0;0;0;0;;;;0.1;0.01;1;0;;;;N;0;04/10/2024 20:34:36;ADMIN          ;804;804;
;ffs fin de série 2;00000792;          ;0;0;0;0;0;0;;;;0.1;0.01;1;0;;;;N;0;04/10/2024 20:37:10;ADMIN          ;805;805;
;DDS MODERNA;00000793;          ;0;0;0;0;0;0;;;;0.1;0.01;;0;;;;N;0;04/10/2024 20:51:34;ADMIN          ;806;806;
;DDS LISION NOUVEAU;00000794;          ;0;0;0;0;0;0;;;;0.1;0.01;1;0;;;;N;0;04/10/2024 21:24:22;ADMIN          ;807;807;
;CIMENT COLLE;00000795;          ;0;0;0;0;0;0;;;;0.1;0.01;1;0;;;;N;0;04/10/2024 22:00:54;ADMIN          ;808;808;
;DDS TIRRACINA CIRTA NOIR;00000796;          ;0;0;0;0;0;0;;;;0.1;0.01;1;0;;;;N;0;04/10/2024 22:05:30;ADMIN          ;809;809;
;COLLECTURE 33/42 PPR BT;00000797;          ;0;0;0;0;0;0;;;;0.1;0.01;1;0;;;;N;0;04/10/2024 22:41:16;ADMIN          ;810;810;
53227-3;COLLON DOUCHE ENCASTRE GOLD;00000798;          ;0;0;0;0;0;0;;;;0.1;0.01;1;0;;;;N;1;04/10/2024 23:29:39;ADMIN          ;811;811;
856-5;SPOT KARMOUD GM BOIS 856-5;00000800;          ;0;0;0;0;0;0;;;;0.1;0.01;1;0;;;;N;1;15/10/2024 21:01:24;ADMIN          ;813;813;
856-8;SPOT KARMOUD PM BOIS 856-8;00000802;          ;0;0;0;0;0;0;;;;0.1;0.01;1;0;;;;N;1;15/10/2024 21:02:42;ADMIN          ;815;815;
SK 18W;SPOT KARMOUD APPARENT 18W;00000803;          ;0;0;0;0;0;0;;;;0.1;0.01;1;0;;;;N;0;15/10/2024 21:03:55;ADMIN          ;816;816;
LUM;LUMINAIRE LED 30W;00000804;          ;0;0;0;0;0;0;;;;0.1;0.01;1;0;;;;N;0;15/10/2024 21:06:15;ADMIN          ;817;817;
LUM;LUMINAIRE LED 50W;00000805;          ;0;0;0;0;0;0;;;;0.1;0.01;1;0;;;;N;0;15/10/2024 21:06:42;ADMIN          ;818;818;
LUS;LUSTRE HALAZOUNE 3 LAMP;00000806;          ;0;0;0;0;0;0;;;;0.1;0.01;1;0;;;;N;0;15/10/2024 21:08:49;ADMIN          ;819;819;
LUS;LUSTRE HALAZOUNE 1 LAMPE;00000807;          ;0;0;0;0;0;0;;;;0.1;0.01;1;0;;;;N;0;15/10/2024 21:10:37;ADMIN          ;820;820;
LUS T;LUSTER TEREK 300/400/600;00000808;          ;0;0;0;0;0;0;;;;0.1;0.01;1;0;;;;N;0;15/10/2024 21:16:52;ADMIN          ;821;821;
LUS T;LUSTER TAREK 500/600;00000809;          ;0;0;0;0;0;0;;;;0.1;0.01;;0;;;;N;0;15/10/2024 21:18:05;ADMIN          ;822;822;
BEST GRIS;CORS BEST GRIS CLAIRE 25*75;00000810;          ;0;0;0;0;0;0;;;;0.1;0.01;1;0;;;;N;0;19/10/2024 00:53:01;ADMIN          ;823;823;
BEST FN;CORS BEST GRIS FONCÉ 25*75;00000811;          ;0;0;0;0;0;0;;;;0.1;0.01;1;0;;;;N;0;19/10/2024 00:53:49;ADMIN          ;824;824;
BEST MOTIF;MOTIF CORS BEST RELIEF GRIS 25*75;00000812;          ;0;0;0;0;0;0;;;;0.1;0.01;1;0;;;;N;0;19/10/2024 00:54:44;ADMIN          ;825;825;
FABIA;FABIA GRIS 60/60;00000813;          ;0;0;0;0;0;0;;;;0.1;0.01;1;0;;;;N;0;19/10/2024 00:55:13;ADMIN          ;826;826;
;PASSTA ROZA HADJRA LOCAL;00000814;          ;0;0;0;0;0;0;;;;0.1;0.01;1;0;;;;N;0;20/10/2024 03:54:19;ADMIN          ;827;827;
LUS KAR;LUSTR KARMOUD;00000815;          ;0;0;0;0;0;0;;;;0.1;0.01;1;0;;;;N;0;20/10/2024 21:24:45;ADMIN          ;828;828;
FIT;FITYARE DROIT SPAIN;00000816;          ;0;0;0;0;0;0;;;;0.1;0.01;1;0;;;;N;0;23/10/2024 20:56:24;ADMIN          ;829;829;
FIT;FITYARE GAUCHE SPAIN;00000817;          ;0;0;0;0;0;0;;;;0.1;0.01;1;0;;;;N;0;23/10/2024 20:56:57;ADMIN          ;830;830;
FIT;FITYARE CENTRALE SPAIN;00000819;          ;0;0;0;0;0;0;;;;0.1;0.01;1;0;;;;N;0;23/10/2024 20:59:22;ADMIN          ;832;832;
RIYACHA;RIYACHA KARMOUD;00000820;          ;0;0;0;0;0;0;;;;0.1;0.01;1;0;;;;N;0;23/10/2024 20:59:51;ADMIN          ;833;833;
BARA;BARATONAIRE KARMOUD;00000821;          ;0;0;0;0;0;0;;;;0.1;0.01;1;0;;;;N;0;23/10/2024 21:00:46;ADMIN          ;834;834;
GOUT;GOUTIARE KARMOUD;00000822;          ;0;0;0;0;0;0;;;;0.1;0.01;1;0;;;;N;0;23/10/2024 21:02:12;ADMIN          ;835;835;
GIR;GIRLONDE KARMOUD;00000823;          ;0;0;0;0;0;0;;;;0.1;0.01;1;0;;;;N;0;23/10/2024 21:02:50;ADMIN          ;836;836;
CRO;CROCHI GOUTIARE KARMOUD;00000824;          ;0;0;0;0;0;0;;;;0.1;0.01;1;0;;;;N;0;23/10/2024 21:03:38;ADMIN          ;837;837;
BOU;BOUCHONE GOUTIARE KARMOUD;00000825;          ;0;0;0;0;0;0;;;;0.1;0.01;1;0;;;;N;0;23/10/2024 21:04:12;ADMIN          ;838;838;
RAJ;RAJOU GOUTIARE KARMOUD;00000826;          ;0;0;0;0;0;0;;;;0.1;0.01;1;0;;;;N;0;23/10/2024 21:04:36;ADMIN          ;839;839;
DIS;DISSOU GOUTIARE KARMOUD;00000827;          ;0;0;0;0;0;0;;;;0.1;0.01;1;0;;;;N;0;23/10/2024 21:05:23;ADMIN          ;840;840;
COINE;COINE CARRÉ KARMOUD;00000828;          ;0;0;0;0;0;0;;;;0.1;0.01;1;0;;;;N;0;23/10/2024 21:07:28;ADMIN          ;841;841;
BOU;BOULDOUNE KARMOUD;00000829;          ;0;0;0;0;0;0;;;;0.1;0.01;1;0;;;;N;0;23/10/2024 21:07:48;ADMIN          ;842;842;
MONCHE;MONCHE DISSE CARRÉ KARMOUD;00000830;          ;0;0;0;0;0;0;;;;0.1;0.01;1;0;;;;N;0;23/10/2024 21:08:21;ADMIN          ;843;843;
VO;VONTOU KARMOUD;00000831;          ;0;0;0;0;0;0;;;;0.1;0.01;1;0;;;;N;0;23/10/2024 21:22:08;ADMIN          ;844;844;
KA;KARMOUD SPAIN;00000832;          ;0;0;0;0;0;0;;;;0.1;0.01;1;0;;;;N;0;23/10/2024 21:25:26;ADMIN          ;845;845;
FIT WA;FIT WARDA;00000833;          ;0;0;0;0;0;0;;;;0.1;0.01;1;0;;;;N;0;26/10/2024 04:19:50;ADMIN          ;846;846;
COUR KA;COURE KARMOUD;00000834;          ;0;0;0;0;0;0;;;;0.1;0.01;1;0;;;;N;0;26/10/2024 13:19:40;ADMIN          ;847;847;
SOU;SOUCOUCHE;00000835;          ;0;0;0;0;0;0;;;;0.1;0.01;1;0;;;;N;0;26/11/2024 20:35:52;ADMIN          ;848;848;
STAR;DDS ROK STAR BEIGE 1ER CH;00000836;          ;0;0;0;0;0;0;;;;0.1;0.01;1;0;;;;N;0;07/12/2024 06:25:00;ADMIN          ;850;850;
VERO;VERONA GRIS 45/90;00000837;          ;0;0;0;0;0;0;;;;0.1;0.01;1;0;;;;N;0;08/12/2024 03:46:37;ADMIN          ;851;851;
JEUX;LES JEUX BERBOUCHI;00000838;          ;0;0;0;0;0;0;;;;0.1;0.01;1;0;;;;N;0;08/12/2024 20:38:24;ADMIN          ;852;852;
BAL;BALANSOUARE BOIS;00000839;          ;0;0;0;0;0;0;;;;0.1;0.01;1;0;;;;N;0;08/12/2024 20:40:31;ADMIN          ;853;853;
KOUD;KOUDE PVC CHASSE;00000840;          ;0;0;0;0;0;0;;;;0.1;0.01;1;0;;;;N;0;08/12/2024 20:45:14;ADMIN          ;854;854;
CHEZ;CHEZE BALANSOIR BERBOUCHI;00000841;          ;0;0;0;0;0;0;;;;0.1;0.01;1;0;;;;N;0;08/12/2024 20:47:28;ADMIN          ;855;855;
CHIMINI;CHIMINI DÉCOR;00000842;          ;0;0;0;0;0;0;;;;0.1;0.01;1;0;;;;N;0;08/12/2024 20:50:12;ADMIN          ;856;856;
TUB C;TUBE KUVET;00000843;          ;0;0;0;0;0;0;;;;0.1;0.01;1;0;;;;N;0;18/12/2024 19:11:04;ADMIN          ;857;857;
KAR L;KARMOUD LOCAL;00000844;          ;0;0;0;0;0;0;;;;0.1;0.01;1;0;;;;N;0;18/12/2024 19:54:51;ADMIN          ;858;858;
T01-04 GOLD;T01-04 GOLD;00000845;          ;0;0;0;0;0;0;;;;0.1;0.01;1;0;;;;N;0;24/12/2024 03:29:47;ADMIN          ;859;859;
MABEL TV;MABEL TV;00000846;          ;0;0;0;0;0;0;;;;0.1;0.01;1;0;;;;N;0;24/12/2024 03:30:15;ADMIN          ;860;860;
CASTEL;DDS CASTEL BLACK 120/60;00000847;          ;0;0;0;0;0;0;;;;0.1;0.01;1;0;;;;N;0;24/12/2024 03:31:01;ADMIN          ;861;861;
CASTEL GRAY;DDS CASTEL GRAY 120/60;00000848;          ;0;0;0;0;0;0;;;;0.1;0.01;1;0;;;;N;0;24/12/2024 03:31:33;ADMIN          ;862;862;
JAPANE;DDS JAPANE GRAY 120/60;00000849;          ;0;0;0;0;0;0;;;;0.1;0.01;1;0;;;;N;0;24/12/2024 03:32:12;ADMIN          ;863;863;
B13;PLAK B13;00000850;          ;0;0;0;0;0;0;;;;0.1;0.01;1;0;;;;N;0;27/04/2025 00:30:40;ADMIN          ;864;864;
B13 VERT;PLAK VERT B13;00000851;          ;0;0;0;0;0;0;;;;0.1;0.01;1;0;;;;N;0;27/04/2025 00:32:51;ADMIN          ;865;865;
FR 3M;FÉRROURE 3M;00000852;          ;0;0;0;0;0;0;;;;0.1;0.01;1;0;;;;N;0;27/04/2025 00:33:33;ADMIN          ;866;866;
FR 4M;FÉRROURE 4M;00000853;          ;0;0;0;0;0;0;;;;0.1;0.01;1;0;;;;N;0;27/04/2025 00:34:03;ADMIN          ;867;867;
FR 5M;FÉRROURE 5M;00000854;          ;0;0;0;0;0;0;;;;0.1;0.01;1;0;;;;N;0;27/04/2025 00:34:32;ADMIN          ;868;868;
;TIGE 10 1M;00000855;TIGE 1M   ;0;0;0;0;0;0;;;;0.1;0.01;1;0;;;;N;0;27/04/2025 00:35:16;ADMIN          ;869;869;
FRAP;CHEVILLE A FRAPPE;00000856;          ;0;0;0;0;0;0;;;;0.1;0.01;1;0;;;;N;0;27/04/2025 00:38:15;ADMIN          ;870;870;
ENDUIT PLACO;ENDUIT PLACO;00000857;          ;0;0;0;0;0;0;;;;0.1;0.01;1;0;;;;N;0;27/04/2025 00:38:52;ADMIN          ;871;871;
PERFLIX PLACO;PERFLIXE PLACO;00000858;          ;0;0;0;0;0;0;;;;0.1;0.01;1;0;;;;N;0;27/04/2025 00:39:31;ADMIN          ;872;872;
LAITON;CHEVILLE LAITON;00000859;          ;0;0;0;0;0;0;;;;0.1;0.01;1;0;;;;N;0;27/04/2025 00:40:36;ADMIN          ;873;873;
ECRO PLACO;ECRO ZINC PLACO;00000860;          ;0;0;0;0;0;0;;;;0.1;0.01;1;0;;;;N;0;27/04/2025 00:46:10;ADMIN          ;874;874;
MRAYAT;MRAYAT DEMI RONDS;00000861;          ;0;0;0;0;0;0;;;;0.1;0.01;1;0;;;;N;0;20/05/2025 20:41:34;ADMIN          ;875;875;
MRAYAT MOTIF;MRAYAT MOTIF;00000862;          ;0;0;0;0;0;0;;;;0.1;0.01;1;0;;;;N;0;20/05/2025 20:41:57;ADMIN          ;876;876;
LEO POMP;POMPE D'EAU LEO;00000863;          ;0;0;0;0;0;0;;;;0.1;0.01;1;0;;;;N;0;20/05/2025 20:42:47;ADMIN          ;877;877;
F ATLAS;F ATLAS CREMA POLI RECTIFIE 120/60;00000864;          ;0;0;0;0;0;0;;;;0.1;0.01;1;0;;;;N;0;20/05/2025 21:10:53;ADMIN          ;878;878;
F OSCAR;F OSCAR MIX RELIFE 120/60;00000865;          ;0;0;0;0;0;0;;;;0.1;0.01;1;0;;;;N;0;20/05/2025 21:11:14;ADMIN          ;879;879;
DDS TERRE CUITE;DDS TIMBER  BLEU 33/33;00000866;          ;0;0;0;0;0;0;;;;0.1;0.01;1;0;;;;N;0;20/05/2025 21:28:37;ADMIN          ;880;880;
DDS CALACATA;DDS CALACATA 60/60;00000867;          ;0;0;0;0;0;0;;;;0.1;0.01;1;0;;;;N;0;20/05/2025 21:29:14;ADMIN          ;881;881;
CUV TURKE;CUVETTE TURKE;00000868;          ;0;0;0;0;0;0;;;;0.1;0.01;1;0;;;;N;0;20/05/2025 21:38:17;ADMIN          ;882;882;
PASTA BLANC;PASTA POUDRE BLANC;00000869;          ;0;0;0;0;0;0;;;;0.1;0.01;1;0;;;;N;0;20/05/2025 21:53:04;ADMIN          ;883;883;
SIKA G10;SIKA POUDR G10;00000870;          ;0;0;0;0;0;0;;;;0.1;0.01;1;0;;;;N;0;20/05/2025 21:54:20;ADMIN          ;884;884;
SIKA T181;SIKA POUDR T181;00000871;          ;0;0;0;0;0;0;;;;0.1;0.01;1;0;MONOCOUCHE STORE;;;N;0;20/05/2025 21:59:05;ADMIN          ;885;885;
SIKA LUQUIDE;SIKA LIQUIDE;00000872;          ;0;0;0;0;0;0;;;;0.1;0.01;1;0;;;;N;0;20/05/2025 22:03:09;ADMIN          ;886;886;
SORO;SPOT ESCALI SORO;00000873;          ;0;0;0;0;0;0;;;;0.1;0.01;1;0;;;;N;0;20/05/2025 22:30:10;ADMIN          ;887;887;
F STONE NATURE;F STONE NATURE 60/15;00000874;          ;0;0;0;0;0;0;;;;0.1;0.01;1;0;;;;N;0;20/05/2025 22:51:53;ADMIN          ;889;889;
DDS BLACK GROVE;DDS BLACK GROVE 90/90;00000875;          ;0;0;0;0;0;0;;;;0.1;0.01;1;0;;;;N;0;20/05/2025 22:53:21;ADMIN          ;890;890;
DDS MARMORIA;DDS MARMOREA 90/90;00000876;          ;0;0;0;0;0;0;;;;0.1;0.01;1;0;;;;N;0;20/05/2025 22:53:50;ADMIN          ;891;891;
BACHE;BACHE KARMOUD;00000877;          ;0;0;0;0;0;0;;;;0.1;0.01;1;0;;;;N;0;20/05/2025 22:58:32;ADMIN          ;892;892;
KAR LOC;KARMOUD LOCALE NV;00000878;          ;0;0;0;0;0;0;;;;0.1;0.01;1;0;;;;N;0;23/06/2025 20:47:03;ADMIN          ;893;893;
PAS;PASSA PORT;00000879;          ;0;0;0;0;0;0;;;;0.1;0.01;1;0;;;;N;0;23/06/2025 22:49:58;ADMIN          ;894;894;
RAD;RADIATOUR SLR;00000880;          ;0;0;0;0;0;0;;;;0.1;0.01;1;0;;;;N;0;24/06/2025 21:55:40;ADMIN          ;895;895;
;FS KANANS SALAH;00000881;          ;0;0;0;0;0;0;;;;0.1;0.01;;0;;;;N;0;30/06/2025 21:57:25;ADMIN          ;896;896;
KANANAS;FS KANANAS SALAH;00000882;          ;0;0;0;0;0;0;;;;0.1;0.01;1;0;;;;N;0;30/06/2025 21:57:57;ADMIN          ;897;897;
DDS PLAQ;DDS PLAQUE SUPER POLI RECTIF 120/60 2 CHOIX;00000883;          ;0;0;0;0;0;0;;;;0.1;0.01;1;0;;;;N;0;01/07/2025 22:16:47;ADMIN          ;899;899;
DDS DIAM;DDS PORCELAIN DIMAMOND NOIR 120/60 2 CHOIX;00000884;          ;0;0;0;0;0;0;;;;0.1;0.01;1;0;;;;N;0;01/07/2025 22:23:01;ADMIN          ;900;900;
DDS PERLA;DDS PORCELAIN PERLA RECTIF 120/60 2 CHOIX;00000885;          ;0;0;0;0;0;0;;;;0.1;0.01;1;0;;;;N;0;01/07/2025 22:24:44;ADMIN          ;901;901;
DDS FENDI;DDS PLAQUE FENDI GREEN POLI RECTIF 120/60 2 CHOIX;00000886;          ;0;0;0;0;0;0;;;;0.1;0.01;1;0;;;;N;0;01/07/2025 22:31:17;ADMIN          ;902;902;
DDS TERRA;DDS TERRACOTA 2 CHOIX 29/33;00000887;          ;0;0;0;0;0;0;;;;0.1;0.01;1;0;;;;N;0;01/07/2025 22:33:23;ADMIN          ;903;903;
DDS HOGAR;DDS HOGAR 29/33;00000888;          ;0;0;0;0;0;0;;;;0.1;0.01;1;0;;;;N;0;01/07/2025 22:34:17;ADMIN          ;904;904;
DDS OSCAR MIX;DDS OSCAR MIX 120/60;00000889;          ;0;0;0;0;0;0;;;;0.1;0.01;1;0;;;;N;0;01/07/2025 22:35:41;ADMIN          ;905;905;
DDS PETRA;DDS PORCELAIN PETRA RECTIF 160/80 2 CHOIX;00000890;          ;0;0;0;0;0;0;;;;0.1;0.01;1;0;;;;N;0;01/07/2025 22:44:15;ADMIN          ;906;906;
DDS VERS;DDS PORCELAIN VERSAILLE 160/80 2 CHOIX;00000891;          ;0;0;0;0;0;0;;;;0.1;0.01;1;0;;;;N;0;01/07/2025 22:45:44;ADMIN          ;907;907;
DDS BALI;DDS PORCELAIN BALI RECTIF 90/90;00000892;          ;0;0;0;0;0;0;;;;0.1;0.01;1;0;;;;N;0;01/07/2025 22:48:19;ADMIN          ;908;908;
MOUSSE;LA MOUSSE;00000893;          ;0;0;0;0;0;0;;;;0.1;0.01;1;0;;;;N;0;01/07/2025 23:24:46;ADMIN          ;909;909;
SIKA G50;SIKA POUDER G50;00000894;          ;0;0;0;0;0;0;;;;0.1;0.01;1;0;;;;N;0;01/07/2025 23:34:38;ADMIN          ;910;910;
SPOT SKY;SPOT SKY 3D 10W;00000895;          ;0;0;0;0;0;0;;;;0.1;0.01;1;0;;;;N;0;07/07/2025 04:37:19;ADMIN          ;911;911;
SPOT MEGA;SPOT MEGAMAN 24W;00000896;          ;0;0;0;0;0;0;;;;0.1;0.01;1;0;;;;N;0;07/07/2025 04:39:17;ADMIN          ;912;912;
APLIQUE;APLIQUE LED GM/PM;00000897;          ;0;0;0;0;0;0;;;;0.1;0.01;1;0;;;;N;0;07/07/2025 04:41:20;ADMIN          ;913;913;
HUB MEGAMAN;HUBLOT MEGAMAN 15W;00000898;          ;0;0;0;0;0;0;;;;0.1;0.01;1;0;;;;N;0;07/07/2025 04:43:38;ADMIN          ;914;914;
HUB MEGAMAN;HUBLOT MEGAMAN 25W;00000899;          ;0;0;0;0;0;0;;;;0.1;0.01;1;0;;;;N;0;07/07/2025 04:44:04;ADMIN          ;915;915;
SPOT PHOMSI;SPOT PHOMSI 18W AMINE;00000900;          ;0;0;0;0;0;0;;;;0.1;0.01;1;0;;;;N;0;07/07/2025 04:50:50;ADMIN          ;916;916;
SPOT MEGAMAN AIN;SPOT MEGAMANE 36W AIN;00000901;          ;0;0;0;0;0;0;;;;0.1;0.01;1;0;;;;N;0;07/07/2025 04:53:50;ADMIN          ;917;917;
MOTEURE RIDOU;MOUTEUR RIDOU ALUM;00000902;          ;0;0;0;0;0;0;;;;0.1;0.01;1;0;;;;N;0;13/07/2025 21:50:28;ADMIN          ;918;918;
DIS KAR;DISSISAIRE KARMOUD;00000903;          ;0;0;0;0;0;0;;;;0.1;0.01;1;0;;;;N;0;19/07/2025 06:08:44;ADMIN          ;919;919;
SIL;SILICON TRANSPARENT;00000904;          ;0;0;0;0;0;0;;;;0.1;0.01;1;0;;;;N;0;19/07/2025 06:11:30;ADMIN          ;920;920;
ENDUIT;ENDUIT PIENTURE;00000905;          ;0;0;0;0;0;0;;;;0.1;0.01;1;0;;;;N;0;20/07/2025 23:00:51;ADMIN          ;921;921;
CROU 17;CROU RONDILE 17;00000906;          ;0;0;0;0;0;0;;;;0.1;0.01;1;0;;;;N;0;26/07/2025 23:38:26;ADMIN          ;922;922;
TIDJE 17;TIDJE 17 KARMOUD;00000907;          ;0;0;0;0;0;0;;;;0.1;0.01;1;0;;;;N;0;26/07/2025 23:46:56;ADMIN          ;923;923;
FIT LOC;FITYARE CENTRALE LOCALE;00000908;          ;0;0;0;0;0;0;;;;0.1;0.01;1;0;ABDELGHANI KARMOUD;;;N;0;27/07/2025 00:01:30;ADMIN          ;924;924;
FIT LOC G D;FITYARE GHAUCH ET DROIT LOCAL;00000909;          ;0;0;0;0;0;0;;;;0.1;0.01;1;0;;;;N;0;27/07/2025 04:44:45;ADMIN          ;925;925;
LUS CORONA;LUSTRE CORONA;00000910;          ;0;0;0;0;0;0;;;;0.1;0.01;1;0;;;;N;0;27/07/2025 22:49:16;ADMIN          ;926;926;
LUST LUX;LUSTRE LUX;00000911;          ;0;0;0;0;0;0;;;;0.1;0.01;1;0;;;;N;0;27/07/2025 22:50:07;ADMIN          ;927;927;
KAB;KABASSO;00000912;          ;0;0;0;0;0;0;;;;0.1;0.01;1;0;;;;N;0;05/08/2025 22:31:49;ADMIN          ;929;929;
PLANA;PLANA;00000913;          ;0;0;0;0;0;0;;;;0.1;0.01;1;0;;;;N;0;05/08/2025 22:32:09;ADMIN          ;930;930;
DISS MONCH;DISSOU MONCHONE KARMOUD;00000914;          ;0;0;0;0;0;0;;;;0.1;0.01;1;0;;;;N;0;05/08/2025 23:21:27;ADMIN          ;931;931;
COR P;CORNIRE PLACO;00000915;          ;0;0;0;0;0;0;;;;0.1;0.01;1;0;LEADER PLACO ALUM;;;N;0;09/08/2025 22:51:36;ADMIN          ;932;932;
BAG 3CM;AGITE CÉPARATION 3CM;00000916;          ;0;0;0;0;0;0;;;;0.1;0.01;1;0;;;;N;0;28/09/2025 23:24:40;ADMIN          ;933;933;
BAG 2CM;BAGITE CÉPARATION 2CM;00000917;          ;0;0;0;0;0;0;;;;0.1;0.01;1;0;;;;N;0;28/09/2025 23:25:09;ADMIN          ;934;934;
PLUS DDS;LES PLUS DDS;00000918;          ;0;0;0;0;0;0;;;;0.1;0.01;1;0;;;;N;0;28/09/2025 23:32:57;ADMIN          ;935;935;
DDS FLAT;DDS FLAT GRAY 2EME CHOIX;00000919;          ;0;0;0;0;0;0;;;;0.1;0.01;1;0;;;;N;0;28/09/2025 23:33:52;ADMIN          ;936;936;
DDS NOOR;DDS NOOR GRIS 2EME CHOIX;00000920;          ;0;0;0;0;0;0;;;;0.1;0.01;1;0;;;;N;0;28/09/2025 23:34:27;ADMIN          ;937;937;
DDS PLATUNM;DDS PLATINUM GRAY 2EME CHOIX;00000921;          ;0;0;0;0;0;0;;;;0.1;0.01;1;0;;;;N;0;28/09/2025 23:35:14;ADMIN          ;938;938;
DDS MADERA;DDS MADERA BIEGE 2EME CHOIX 45/45;00000922;          ;0;0;0;0;0;0;;;;0.1;0.01;1;0;;;;N;0;28/09/2025 23:38:00;ADMIN          ;939;939;
DDS ASEKREM;DDS ASEKREM BIEGE 45/45 2EME CHOIX;00000923;          ;0;0;0;0;0;0;;;;0.1;0.01;1;0;;;;N;0;28/09/2025 23:52:51;ADMIN          ;940;940;
;DDS TUSCANIA 90*90 2EM CHOIX;00000924;          ;0;0;0;0;0;0;;;;0.1;0.01;1;0;;;;N;0;30/09/2025 21:47:57;ADMIN          ;941;941;
;CIMENT COLLE 25KG;00000925;          ;0;0;0;0;0;0;;;;0.1;0.01;1;0;;;;N;0;30/09/2025 21:48:23;ADMIN          ;942;942;
COLON APP;COLON DE DOUCHE APPARENT CASCATA;00000926;          ;0;0;0;0;0;0;;;;0.1;0.01;1;0;;;;N;0;01/10/2025 05:20:54;ADMIN          ;943;943;
FFS C4;FFS C4;00000927;          ;0;0;0;0;0;0;;;;0.1;0.01;1;0;;;;N;0;03/10/2025 21:44:55;ADMIN          ;944;944;
FFS G4;FFS G4;00000928;          ;0;0;0;0;0;0;;;;0.1;0.01;;0;;;;N;0;03/10/2025 21:45:29;ADMIN          ;945;945;
DIL;DILUANT 1L;00000929;          ;0;0;0;0;0;0;;;;0.1;0.01;1;0;;;;N;0;10/10/2025 21:01:28;ADMIN          ;946;946;
VIS KAR 2025;VIS KARMOUD 2025;00000930;          ;0;0;0;0;0;0;;;;0.1;0.01;1;0;;;;N;0;11/10/2025 05:42:21;ADMIN          ;947;947;
TIJ 2025;TIDJE KARMOUD 17 2025;00000931;          ;0;0;0;0;0;0;;;;0.1;0.01;1;0;;;;N;0;11/10/2025 05:44:33;ADMIN          ;948;948;
CROU;CROU RONDIL KARMOUD 2025;00000932;          ;0;0;0;0;0;0;;;;0.1;0.01;1;0;;;;N;0;11/10/2025 05:46:10;ADMIN          ;949;949;
DIL 2025;DILUANTS 2025;00000933;          ;0;0;0;0;0;0;;;;0.1;0.01;1;0;;;;N;0;11/10/2025 05:47:09;ADMIN          ;950;950;
001;TIDJE KARMOUD;00000934;          ;0;0;0;0;0;0;;;;0.1;0.01;1;0;;;;N;0;11/10/2025 20:29:18;ADMIN          ;951;951;
DOUIT PM;LADOUIT PM;00000935;          ;0;0;0;0;0;0;;;;0.1;0.01;1;0;;;;N;0;13/10/2025 00:32:55;ADMIN          ;952;952;
ELECT;COPMTEUR ELECT;00000936;          ;0;0;0;0;0;0;;;;0.1;0.01;1;0;;;;N;0;13/10/2025 20:45:41;ADMIN          ;953;953;
EAU;COMPTEUR D'EAU;00000937;          ;0;0;0;0;0;0;;;;0.1;0.01;1;0;;;;N;0;13/10/2025 20:46:03;ADMIN          ;954;954;
ROZA HM;ROZA POUDR HM;00000938;          ;0;0;0;0;0;0;;;;0.1;0.01;1;0;;;;N;0;15/10/2025 21:56:40;ADMIN          ;955;955;
LAVABO SANI;LAVABO SANIDECORE 2 CHOIX;00000939;          ;0;0;0;0;0;0;;;;0.1;0.01;1;0;;;;N;0;21/10/2025 04:42:59;ADMIN          ;956;956;
LAVABO VENUS;LAVABO VENUS ROND SANIDECOR;00000940;          ;0;0;0;0;0;0;;;;0.1;0.01;1;0;;;;N;0;21/10/2025 04:43:58;ADMIN          ;957;957;
DDS ARDESIA;DDS ARDESIA 33/33;00000941;          ;0;0;0;0;0;0;;;;0.1;0.01;1;0;;;;N;0;02/11/2025 03:48:24;ADMIN          ;958;958;
DDS CALVEN;DDS CALVEN GRAY 120/60;00000942;          ;0;0;0;0;0;0;;;;0.1;0.01;1;0;;;;N;0;02/11/2025 03:54:39;ADMIN          ;959;959;
DDS SAND;DDS SAND STONE 160/80;00000943;          ;0;0;0;0;0;0;;;;0.1;0.01;1;0;;;;N;0;02/11/2025 03:55:23;ADMIN          ;960;960;
DDS ENZO;DDS ENZO 160/80;00000944;          ;0;0;0;0;0;0;;;;0.1;0.01;1;0;;;;N;0;02/11/2025 03:55:51;ADMIN          ;961;961;
CHASE GM;CHASE ENCASTRÉ VISAM CUVET ENGLAISE;00000945;          ;0;0;0;0;0;0;;;;0.1;0.01;1;0;;;;N;0;02/11/2025 04:02:45;ADMIN          ;962;962;
CA-101 CHR;COLON DOUCHE CA-101 CHR;00000946;          ;0;0;0;0;0;0;;;;0.1;0.01;1;0;;;;N;0;29/11/2025 21:06:29;ADMIN          ;963;963;
TET;TETE DOUCHET;00000947;          ;0;0;0;0;0;0;;;;0.1;0.01;1;0;;;;N;0;29/11/2025 21:09:37;ADMIN          ;964;964;
DISQ PONSAGE;DISQUE PONSAGE KARMOUD;00000948;          ;0;0;0;0;0;0;;;;0.1;0.01;1;0;;;;N;0;29/11/2025 21:20:25;ADMIN          ;965;965;
;STRUCTURE DÉMONTABEL 60 CM;00000949;          ;0;0;0;0;0;0;;;;0.1;0.01;1;0;;;;N;0;29/11/2025 21:37:47;ADMIN          ;966;966;
;STRUCTURE DÉMONTABLE 120CM;00000950;          ;0;0;0;0;0;0;;;;0.1;0.01;1;0;;;;N;0;29/11/2025 21:39:04;ADMIN          ;967;967;
;STRUCTURE DÉMONTABLE 360 CM;00000951;          ;0;0;0;0;0;0;;;;0.1;0.01;1;0;;;;N;0;29/11/2025 21:39:53;ADMIN          ;968;968;
KAR NAS;KARMOUD NAS HABBA;00000952;          ;0;0;0;0;0;0;;;;0.1;0.01;1;0;;;;N;0;30/11/2025 00:03:50;ADMIN          ;969;969;
;SPOT BKS 50W;00000953;          ;0;0;0;0;0;0;;;;0.1;0.01;1;0;;;;N;1;30/11/2025 03:20:57;ADMIN          ;970;970;
;CARCASE SPOT;00000954;          ;0;0;0;0;0;0;;;;0.1;0.01;1;0;;;;N;0;30/11/2025 03:21:30;ADMIN          ;971;971;
;DUIT SPOT;00000955;          ;0;0;0;0;0;0;;;;0.1;0.01;1;0;;;;N;0;30/11/2025 03:21:53;ADMIN          ;972;972;
;SPOT LUX 1200 DA;00000956;          ;0;0;0;0;0;0;;;;0.1;0.01;1;0;;;;N;0;30/11/2025 03:23:12;ADMIN          ;973;973;
;SPOT LUX 1700 DA;00000957;          ;0;0;0;0;0;0;;;;0.1;0.01;1;0;;;;N;0;30/11/2025 03:23:32;ADMIN          ;974;974;
;SPOT LED 3W;00000958;          ;0;0;0;0;0;0;;;;0.1;0.01;1;0;;;;N;0;30/11/2025 03:27:26;ADMIN          ;975;975;
;SPOT GHARELEC 7W;00000959;          ;0;0;0;0;0;0;;;;0.1;0.01;1;0;;;;N;0;30/11/2025 03:28:46;ADMIN          ;976;976;
;SPOT GHARELEC 12W;00000960;          ;0;0;0;0;0;0;;;;0.1;0.01;1;0;;;;N;1;30/11/2025 03:29:27;ADMIN          ;977;977;
;SPOT GHARELEC 18W;00000961;          ;0;0;0;0;0;0;;;;0.1;0.01;1;0;;;;N;1;30/11/2025 03:30:02;ADMIN          ;978;978;
;SPOT GHARELEC 36W;00000962;          ;0;0;0;0;0;0;;;;0.1;0.01;1;0;;;;N;0;30/11/2025 03:30:21;ADMIN          ;979;979;
;SPOT GHARELEC 24W;00000963;          ;0;0;0;0;0;0;;;;0.1;0.01;1;0;;;;N;1;30/11/2025 03:31:32;ADMIN          ;980;980;
;LOMPE CTORCHE 50W;00000964;          ;0;0;0;0;0;0;;;;0.1;0.01;1;0;;;;N;0;30/11/2025 03:32:20;ADMIN          ;981;981;
;LOMPE CTORCHE 40W;00000965;          ;0;0;0;0;0;0;;;;0.1;0.01;1;0;;;;N;0;30/11/2025 03:32:36;ADMIN          ;982;982;
;LOMPE CTORCHE 12W;00000966;          ;0;0;0;0;0;0;;;;0.1;0.01;1;0;;;;N;0;30/11/2025 03:33:35;ADMIN          ;983;983;
;LOMPE CTORCHE 15W;00000967;          ;0;0;0;0;0;0;;;;0.1;0.01;1;0;;;;N;0;30/11/2025 03:33:54;ADMIN          ;984;984;
;SPOT CTORCHE 32W;00000968;          ;0;0;0;0;0;0;;;;0.1;0.01;1;0;;;;N;0;30/11/2025 03:34:14;ADMIN          ;985;985;
;SPOT CTORCHE 12W;00000969;          ;0;0;0;0;0;0;;;;0.1;0.01;1;0;;;;N;0;30/11/2025 03:34:35;ADMIN          ;986;986;
;SPOT CTORCHE 15W;00000970;          ;0;0;0;0;0;0;;;;0.1;0.01;1;0;;;;N;0;30/11/2025 03:35:14;ADMIN          ;987;987;
;SPOT CTORCHE 5W;00000971;          ;0;0;0;0;0;0;;;;0.1;0.01;1;0;;;;N;0;30/11/2025 03:35:36;ADMIN          ;988;988;
;SPOT CTORCHE 9W;00000972;          ;0;0;0;0;0;0;;;;0.1;0.01;1;0;;;;N;0;30/11/2025 03:35:58;ADMIN          ;989;989;
;SPOT CTORCHE 7W;00000973;          ;0;0;0;0;0;0;;;;0.1;0.01;1;0;;;;N;1;30/11/2025 03:36:21;ADMIN          ;990;990;
;SPOT CTORCHE ROTATABEL 6W;00000974;          ;0;0;0;0;0;0;;;;0.1;0.01;1;0;;;;N;0;30/11/2025 03:37:03;ADMIN          ;991;991;
;SPOT CTORCHE 6W;00000975;          ;0;0;0;0;0;0;;;;0.1;0.01;1;0;;;;N;1;30/11/2025 03:37:23;ADMIN          ;992;992;
;SPOT CTORCH 12+12W;00000976;          ;0;0;0;0;0;0;;;;0.1;0.01;1;0;;;;N;1;30/11/2025 03:37:46;ADMIN          ;993;993;
;SPOT CTORCHE ROTATABLE 3W;00000977;          ;0;0;0;0;0;0;;;;0.1;0.01;1;0;;;;N;1;30/11/2025 03:39:07;ADMIN          ;994;994;
;SPOT WEELMAX SAMSUNGE 12W;00000978;          ;0;0;0;0;0;0;;;;0.1;0.01;1;0;;;;N;0;30/11/2025 03:39:56;ADMIN          ;995;995;
;SPOT WEELMAX SAMSUNG 18W;00000979;          ;0;0;0;0;0;0;;;;0.1;0.01;1;0;;;;N;0;30/11/2025 03:40:33;ADMIN          ;996;996;
;SPOT WEELMAX SAMSUNG 3W;00000980;          ;0;0;0;0;0;0;;;;0.1;0.01;1;0;;;;N;0;30/11/2025 03:41:07;ADMIN          ;997;997;
;LOMPE DÉCOR KARMOUD;00000981;          ;0;0;0;0;0;0;;;;0.1;0.01;1;0;;;;N;0;30/11/2025 03:42:24;ADMIN          ;998;998;
;SPOT 6W;00000982;          ;0;0;0;0;0;0;;;;0.1;0.01;1;0;;;;N;0;30/11/2025 03:42:47;ADMIN          ;999;999;
;SPOT DROJE;00000983;          ;0;0;0;0;0;0;;;;0.1;0.01;1;0;;;;N;0;30/11/2025 03:43:11;ADMIN          ;1000;1000;
;SPOT LED SPOTLIGHT LUX;00000984;          ;0;0;0;0;0;0;;;;0.1;0.01;1;0;;;;N;1;30/11/2025 03:57:10;ADMIN          ;1001;1001;
;SPOT HOME;00000985;          ;0;0;0;0;0;0;;;;0.1;0.01;1;0;;;;N;0;30/11/2025 03:57:51;ADMIN          ;1002;1002;
;SPOT WEELMAX 3W;00000986;          ;0;0;0;0;0;0;;;;0.1;0.01;1;0;;;;N;0;30/11/2025 03:58:24;ADMIN          ;1003;1003;
;SPOT MOONMAX 6+6W;00000987;          ;0;0;0;0;0;0;;;;0.1;0.01;1;0;;;;N;0;30/11/2025 03:58:46;ADMIN          ;1004;1004;
;SPOT MOONMAX 6W;00000988;          ;0;0;0;0;0;0;;;;0.1;0.01;1;0;;;;N;0;30/11/2025 03:59:12;ADMIN          ;1005;1005;
;SPOT MOONMAX 36W;00000989;          ;0;0;0;0;0;0;;;;0.1;0.01;1;0;;;;N;0;30/11/2025 04:00:02;ADMIN          ;1006;1006;
;SPOT QUBO 20W;00000990;          ;0;0;0;0;0;0;;;;0.1;0.01;1;0;;;;N;0;30/11/2025 04:01:08;ADMIN          ;1007;1007;
;SPOT QUBO 24W;00000991;          ;0;0;0;0;0;0;;;;0.1;0.01;1;0;;;;N;0;30/11/2025 04:02:43;ADMIN          ;1008;1008;
;SPOT QUBO 36W;00000992;          ;0;0;0;0;0;0;;;;0.1;0.01;1;0;;;;N;0;30/11/2025 04:03:50;ADMIN          ;1009;1009;
;TABLE 120/60;00000993;          ;0;0;0;0;0;0;;;;0.1;0.01;1;0;;;;N;0;30/11/2025 04:05:27;ADMIN          ;1010;1010;
;DDS GRIS 1ER CHOIX 45/45;00000994;          ;0;0;0;0;0;0;;;;0.1;0.01;1;0;;;;N;0;30/11/2025 04:06:02;ADMIN          ;1011;1011;
;CUVETE MONOBLOC DURAVITE;00000995;          ;0;0;0;0;0;0;;;;0.1;0.01;1;0;;;;N;0;30/11/2025 04:08:02;ADMIN          ;1012;1012;
;SPOT LUX GM;00000996;          ;0;0;0;0;0;0;;;;0.1;0.01;1;0;;;;N;0;30/11/2025 04:09:12;ADMIN          ;1013;1013;
;SPOT LUX MM;00000997;          ;0;0;0;0;0;0;;;;0.1;0.01;1;0;;;;N;0;30/11/2025 04:09:40;ADMIN          ;1014;1014;
;SPOT LED PANEL LIGHT;00000998;          ;0;0;0;0;0;0;;;;0.1;0.01;1;0;;;;N;1;30/11/2025 04:12:25;ADMIN          ;1015;1015;
;SPOT LED PLUS;00000999;          ;0;0;0;0;0;0;;;;0.1;0.01;1;0;;;;N;0;30/11/2025 04:12:46;ADMIN          ;1016;1016;
;SPOT PM 2025;00001000;          ;0;0;0;0;0;0;;;;0.1;0.01;1;0;;;;N;0;30/11/2025 04:13:03;ADMIN          ;1017;1017;
;SPOT LED GLASSE PANEL LIGHT;00001001;          ;0;0;0;0;0;0;;;;0.1;0.01;1;0;;;;N;1;30/11/2025 04:13:40;ADMIN          ;1018;1018;
;SPOT LED BEIN 30W;00001002;          ;0;0;0;0;0;0;;;;0.1;0.01;1;0;;;;N;0;30/11/2025 04:14:17;ADMIN          ;1019;1019;
;SPOT LED BEIN 22W;00001003;          ;0;0;0;0;0;0;;;;0.1;0.01;1;0;;;;N;0;30/11/2025 04:15:13;ADMIN          ;1020;1020;
;SPOT LES BEIN 15W;00001004;          ;0;0;0;0;0;0;;;;0.1;0.01;1;0;;;;N;0;30/11/2025 04:17:26;ADMIN          ;1021;1021;
;APLIQUE ROND;00001005;          ;0;0;0;0;0;0;;;;0.1;0.01;1;0;;;;N;0;30/11/2025 04:17:53;ADMIN          ;1022;1022;
;APLIQUE 3OYONE;00001006;          ;0;0;0;0;0;0;;;;0.1;0.01;1;0;;;;N;0;30/11/2025 04:18:17;ADMIN          ;1023;1023;
;SPOT PISINE PHOMSI 1W;00001007;          ;0;0;0;0;0;0;;;;0.1;0.01;1;0;;;;N;0;30/11/2025 04:18:57;ADMIN          ;1024;1024;
;SPOT PISINE PHOMSI 3W;00001008;          ;0;0;0;0;0;0;;;;0.1;0.01;1;0;;;;N;1;30/11/2025 04:19:20;ADMIN          ;1025;1025;
;SPOT PISINE  BURIED LIGHT;00001009;          ;0;0;0;0;0;0;;;;0.1;0.01;;0;;;;N;0;30/11/2025 04:31:14;ADMIN          ;1026;1026;
;SPOT LED SPOTLIGHT;00001010;          ;0;0;0;0;0;0;;;;0.1;0.01;1;0;;;;N;1;30/11/2025 04:43:03;ADMIN          ;1027;1027;
;TRANSFOU DROJE 12W;00001011;          ;0;0;0;0;0;0;;;;0.1;0.01;1;0;;;;N;0;30/11/2025 04:43:27;ADMIN          ;1028;1028;
;LES LAMPE MAGNITIQUE PM;00001012;          ;0;0;0;0;0;0;;;;0.1;0.01;1;0;;;;N;0;30/11/2025 04:47:28;ADMIN          ;1029;1029;
;LED LAMPE TRACK MAGNITIQUE MM;00001013;          ;0;0;0;0;0;0;;;;0.1;0.01;1;0;;;;N;0;30/11/2025 04:48:33;ADMIN          ;1030;1030;
;LED MAGNITIQUE GM;00001014;          ;0;0;0;0;0;0;;;;0.1;0.01;1;0;;;;N;0;30/11/2025 04:51:10;ADMIN          ;1031;1031;
;LED TRACK LONG MAGNITIQUE;00001015;          ;0;0;0;0;0;0;;;;0.1;0.01;1;0;;;;N;0;30/11/2025 04:54:01;ADMIN          ;1032;1032;
;LED TRACK MM MAGNITIQUE;00001016;          ;0;0;0;0;0;0;;;;0.1;0.01;1;0;;;;N;0;30/11/2025 04:54:47;ADMIN          ;1033;1033;
;LED TRACK MAGNITIQUE PM;00001017;          ;0;0;0;0;0;0;;;;0.1;0.01;1;0;;;;N;0;30/11/2025 04:55:20;ADMIN          ;1034;1034;
;LED APLIQUE MAGNITIQUE;00001018;          ;0;0;0;0;0;0;;;;0.1;0.01;1;0;;;;N;0;30/11/2025 04:56:01;ADMIN          ;1035;1035;
;APLIQUE DEKHLAT EDDAR GM;00001019;          ;0;0;0;0;0;0;;;;0.1;0.01;1;0;;;;N;0;30/11/2025 04:57:44;ADMIN          ;1036;1036;
;APLIQUE MACHA ALLAH PM;00001020;          ;0;0;0;0;0;0;;;;0.1;0.01;;0;;;;N;0;03/12/2025 06:38:43;ADMIN          ;1037;1037;
;APLIQUE MACHA ALLAH GM;00001021;          ;0;0;0;0;0;0;;;;0.1;0.01;1;0;;;;N;0;03/12/2025 06:39:09;ADMIN          ;1038;1038;
;CROU PLACO;00001022;          ;0;0;0;0;0;0;;;;0.1;0.01;1;0;;;;N;0;06/12/2025 03:13:26;ADMIN          ;1039;1039;
;MRAYA DOUCHE;00001023;          ;0;0;0;0;0;0;;;;0.1;0.01;1;0;;;;N;0;06/12/2025 03:15:35;ADMIN          ;1040;1040;
;MRAYA DOUCHE ZOOM;00001024;          ;0;0;0;0;0;0;;;;0.1;0.01;;0;;;;N;0;06/12/2025 03:15:56;ADMIN          ;1041;1041;
304 SPAIN;MÉLONJOUR DOUCHE MR13 CR CHR 304 SPAIN;00001025;          ;0;0;0;0;0;0;;;;0.1;0.01;1;0;;;;N;0;08/12/2025 20:30:43;ADMIN          ;1042;1042;
304 SPAIN;MÉLONJOUR DOUCHE MR18 BLACK 304 SPAIN;00001026;          ;0;0;0;0;0;0;;;;0.1;0.01;1;0;;;;N;0;08/12/2025 20:32:34;ADMIN          ;1043;1043;
304 SPAINE;MÉLONJOUR DOUCHE ZR4 CHR 304 SPAIN;00001027;          ;0;0;0;0;0;0;;;;0.1;0.01;1;0;;;;N;0;08/12/2025 20:33:24;ADMIN          ;1044;1044;
5177-C SPAINE;MÉLONJOUR DOUCHE VALENCE 5177-C BLACK SPAIN;00001028;          ;0;0;0;0;0;0;;;;0.1;0.01;1;0;;;;N;1;08/12/2025 20:34:48;ADMIN          ;1045;1045;
5155C SPAINE;MÉLONJOUR IBIZA 5155C BLACK SPAINE;00001029;          ;0;0;0;0;0;0;;;;0.1;0.01;1;0;;;;N;0;08/12/2025 20:37:50;ADMIN          ;1046;1046;
5177-C SPAINE;MÉLONJOUR DOUCHE VALENCE 5177-C CHR SPAINE;00001030;          ;0;0;0;0;0;0;;;;0.1;0.01;1;0;;;;N;1;08/12/2025 20:40:24;ADMIN          ;1047;1047;
5155-C SPAINE;MÉLONJOUR DOUCHE IBIZA 5155-C CHR SPAINE;00001031;          ;0;0;0;0;0;0;;;;0.1;0.01;1;0;;;;N;0;08/12/2025 20:41:53;ADMIN          ;1048;1048;
8905-C SPAINE;MÉLONJOUR DOUCHE MALLORCA 8905-C CHR SPAINE;00001032;          ;0;0;0;0;0;0;;;;0.1;0.01;1;0;;;;N;0;08/12/2025 20:42:51;ADMIN          ;1049;1049;
8905-C CHR;MÉLONJOUR DOUCHE PALMA CHR;00001033;          ;0;0;0;0;0;0;;;;0.1;0.01;1;0;;;;N;0;08/12/2025 20:50:56;ADMIN          ;1050;1050;
MRAYA RIC;MRAYAT RICTONGLE;00001034;          ;0;0;0;0;0;0;;;;0.1;0.01;1;0;;;;N;0;13/01/2026 04:51:42;ADMIN          ;1051;1051;
;HM ROSA 28;00001035;01        ;1152;740;740;0;0;0;;;;0.1;0.01;1;0;;06/02/2026;;N;0;03/02/2026 03:15:23;ADMIN          ;1052;1052;
;PIEDRA ROSA;00001036;          ;180;670;670;0;0;0;;;;0.1;0.01;1;0;;03/02/2026;;N;0;03/02/2026 03:17:07;ADMIN          ;1053;1053;
;HM MARENGO 04;00001037;          ;384;990;990;0;0;0;;;;0.1;0.01;1;0;;06/02/2026;;N;0;03/02/2026 03:19:41;ADMIN          ;1054;1054;
;PIEDRA NOIRE;00001038;          ;120;670;670;0;0;0;;;;0.1;0.01;1;0;;03/02/2026;;N;0;03/02/2026 03:21:57;ADMIN          ;1055;1055;
;HM PERLA 21;00001039;          ;768;740;740;0;0;0;;;;0.1;0.01;1;0;;18/04/2026;;N;0;03/02/2026 03:23:27;ADMIN          ;1056;1056;
;LAFARGE 721 GRIS FONCE;00001040;          ;192;880;880;0;0;0;;;;0.1;0.01;1;0;;03/02/2026;;N;0;03/02/2026 03:26:06;ADMIN          ;1057;1057;
;BAGUETTE INVISIBLE;00001041;          ;800;100;112.5;0;0;0;;;;0.1;0.01;1;0;;18/04/2026;;N;0;03/02/2026 03:27:53;ADMIN          ;1058;1058;
;BAGUETTE 03CM;00001042;          ;366;130;130;0;0;0;;;;0.1;0.01;1;0;;03/02/2026;02/05/2026;N;0;03/02/2026 03:29:14;ADMIN          ;1059;1059;
;PROMAFIX 20KG;00001043;          ;4;4000;4000;0;0;0;;;;0.1;0.01;1;0;;18/04/2026;;N;0;03/02/2026 03:30:35;ADMIN          ;1060;1060;
;PEIDRA RSA 25KG;00001044;          ;180;670;670;0;0;0;;;;0.1;0.01;;0;;06/02/2026;;N;0;06/02/2026 21:44:13;ADMIN          ;1061;1061;
;PIEDRA NOIRE 25 KG;00001045;          ;164;670;670;0;0;0;;;;0.1;0.01;1;0;;18/04/2026;;N;0;06/02/2026 21:47:24;ADMIN          ;1062;1062;
;HM HUSO 05;00001046;          ;384;740;740;0;0;0;;;;0.1;0.01;1;0;;06/02/2026;;N;0;06/02/2026 21:48:44;ADMIN          ;1063;1063;
;LAFARAGE 721 GRIS FONCE;00001047;          ;192;880;880;0;0;0;;;;0.1;0.01;1;0;;06/02/2026;;N;0;06/02/2026 21:50:04;ADMIN          ;1064;1064;
;BAGUETTE INVISIBLE;00001048;          ;300;100;100;0;0;0;;;;0.1;0.01;1;0;;06/02/2026;;N;0;06/02/2026 21:52:02;ADMIN          ;1065;1065;
;BAGUETTE 3CM;00001049;          ;846;130;141.1111;0;0;0;;;;0.1;0.01;1;0;;18/04/2026;;N;0;06/02/2026 21:53:55;ADMIN          ;1066;1066;
;PROMAFIX 20KG;00001050;          ;2;4000;4000;0;0;0;;;;0.1;0.01;1;0;;06/02/2026;;N;0;06/02/2026 21:55:13;ADMIN          ;1067;1067;
;PLANCH 20/400;00001051;          ;0;0;0;0;0;0;;;;0.1;0.01;1;0;;;;N;0;06/02/2026 23:39:54;ADMIN          ;1068;1068;
;DAL BATI 29*33 ALTAMIR BEIGE - 1CH -;00001052;          ;0;0;0;0;0;0;;;;0.1;0.01;1;0;;;;N;0;07/02/2026 04:34:03;ADMIN          ;1069;1069;
;DAL 60 LAND TIMGAD - GRIS 2 CHOIX -RECTIFE;00001053;          ;0;0;0;0;0;0;;;;0.1;0.01;;0;;;;N;0;07/02/2026 04:42:33;ADMIN          ;1070;1070;
;CMP 90*90 MARMOREA - VIVA PRCL CH CCL;00001054;          ;0;0;0;0;0;0;;;;0.1;0.01;1;0;;;;N;0;07/02/2026 04:46:34;ADMIN          ;1071;1071;
;HM ROSA 28;00001055;          ;0;0;0;0;0;0;;;;0.1;0.01;1;0;;;;N;0;10/02/2026 04:44:09;ADMIN          ;1072;1072;
;PIEDA RSA 25KG;00001056;          ;0;0;0;0;0;0;;;;0.1;0.01;1;0;;;;N;0;10/02/2026 04:52:44;ADMIN          ;1073;1073;
;HM MARENGO 04;00001057;01        ;0;0;0;0;0;0;;;;0.1;0.01;1;0;;;;N;0;10/02/2026 04:56:34;ADMIN          ;1074;1074;
;PEIDRA NOIRE 25KG;00001058;          ;0;0;0;0;0;0;;;;0.1;0.01;1;0;;;;N;0;10/02/2026 05:00:04;ADMIN          ;1075;1075;
;HM HUSO 05;00001059;          ;0;0;0;0;0;0;;;;0.1;0.01;1;0;;;;N;0;10/02/2026 05:03:29;ADMIN          ;1076;1076;
;LAFARGE 721 GRIS FONCE;00001060;          ;0;0;0;0;0;0;;;;0.1;0.01;1;0;;;;N;0;10/02/2026 05:28:20;ADMIN          ;1077;1077;
;BAGUETTE INVISIBLE;00001061;          ;0;0;0;0;0;0;;;;0.1;0.01;1;0;;;;N;0;10/02/2026 05:30:43;ADMIN          ;1078;1078;
;BAGUETTE 3CM;00001062;          ;0;0;0;0;0;0;;;;0.1;0.01;1;0;;;;N;0;10/02/2026 05:33:41;ADMIN          ;1079;1079;
;PROMAFIX 20KG;00001063;          ;0;0;0;0;0;0;;;;0.1;0.01;1;0;;;;N;0;10/02/2026 05:35:37;ADMIN          ;1080;1080;
;SPOT APPARENT 18W;00001064;          ;0;0;0;0;0;0;;;;0.1;0.01;1;0;;;;N;0;10/02/2026 23:35:45;ADMIN          ;1081;1081;
;HUBLOT 24W SOLISTO BLANC IP 65;00001065;          ;0;0;0;0;0;0;;;;0.1;0.01;1;0;;;;N;0;11/02/2026 03:14:13;ADMIN          ;1082;1082;
;HUBLOT LED 24W RO;00001066;          ;0;0;0;0;0;0;;;;0.1;0.01;1;0;;;;N;0;11/02/2026 03:16:47;ADMIN          ;1083;1083;
;PROJ R&H NOUR JN 50W;00001067;          ;0;0;0;0;0;0;;;;0.1;0.01;1;0;;;;N;0;11/02/2026 03:18:56;ADMIN          ;1084;1084;
;SPOT ARILUXE 18W 3P;00001068;          ;0;0;0;0;0;0;;;;0.1;0.01;1;0;;;;N;0;11/02/2026 03:21:31;ADMIN          ;1085;1085;
;SPOT ARILUXE 12W 3P;00001069;          ;0;0;0;0;0;0;;;;0.1;0.01;1;0;;;;N;1;11/02/2026 03:24:01;ADMIN          ;1086;1086;
;2EME CHOIX PORCELAIN MARISA DARK GREY MAT;00001070;          ;0;0;0;0;0;0;;;;0.1;0.01;1;0;;;;N;0;24/02/2026 21:37:43;ADMIN          ;1087;1087;
;2EME CHOIX PORCELAIN THALA BEIGE (MONO);00001071;          ;0;0;0;0;0;0;;;;0.1;0.01;1;0;;;;N;0;24/02/2026 22:03:50;ADMIN          ;1088;1088;
;DDSOL FABIA GRIS  CLAIR 60*60 NCM SI-MUSTAPHA;00001072;          ;0;0;0;0;0;0;;;;0.1;0.01;1;0;;;;N;0;24/02/2026 22:08:42;ADMIN          ;1089;1089;
;DDSOL OXFORD GRIS 45*45 NCM SI-MUSTAPHA;00001073;          ;0;0;0;0;0;0;;;;0.1;0.01;1;0;;;;N;0;24/02/2026 22:11:04;ADMIN          ;1090;1090;
;CIMENT COLLE PORCELAINEUX C2TE BLANC 508;00001074;          ;0;0;0;0;0;0;;;;0.1;0.01;1;0;;;;N;0;24/02/2026 22:31:32;ADMIN          ;1091;1091;
;POUDRE MONOCEM ESPAGE;00001075;          ;0;0;0;0;0;0;;;;0.1;0.01;1;0;;;;N;0;23/04/2026 05:09:08;ADMIN          ;1092;1092;
;HADJRA;00001076;          ;0;0;0;0;0;0;;;;0.1;0.01;1;0;;;;N;0;23/04/2026 05:11:19;ADMIN          ;1093;1093;
;MADIRA;00001077;          ;0;0;0;0;0;0;;;;0.1;0.01;1;0;;;;N;0;23/04/2026 05:11:50;ADMIN          ;1094;1094;
DOB INT;DOUBLE INTERRUPTEUR;00001078;          ;0;0;0;0;0;0;;;;0.1;0.01;;0;;;;N;0;29/04/2026 00:33:06;ADMIN          ;1096;1096;
BAN DE;BANDE LAVABO CLIC CLAC GOLD;00001079;          ;0;0;0;0;0;0;;;;0.1;0.01;1;0;;;;N;0;29/04/2026 04:11:11;ADMIN          ;1097;1097;
BAN DE;BANDE LAVABO CLIC CLAC NOIR;00001080;          ;0;0;0;0;0;0;;;;0.1;0.01;1;0;;;;N;0;29/04/2026 04:15:23;ADMIN          ;1098;1098;
SOAP;SOAP DISPONSER 400ML 52456-2;00001081;          ;0;0;0;0;0;0;;;;0.1;0.01;1;0;;;;N;0;29/04/2026 04:22:52;ADMIN          ;1099;1099;
LED R&H 25W;LED WALL LIGHT 25W;00001082;          ;0;0;0;0;0;0;;;;0.1;0.01;1;0;;;;N;1;29/04/2026 05:27:45;ADMIN          ;1100;1100;
53609-1;SIFON SPANE INOX 20CM;00001083;          ;0;0;0;0;0;0;;;;0.1;0.01;1;0;;;;N;0;29/04/2026 20:27:42;ADMIN          ;1101;1101;
53609-8;SIFON SPANE 40CM NOIR;00001084;          ;0;0;0;0;0;0;;;;0.1;0.01;1;0;;;;N;1;29/04/2026 20:29:59;ADMIN          ;1102;1102;
53609-4;SIFON SPANE INOX 30CM;00001085;          ;0;0;0;0;0;0;;;;0.1;0.01;1;0;;;;N;0;29/04/2026 20:31:42;ADMIN          ;1103;1103;
SIF AMPOLO;SIFON AMPOLO 10*30 CM GOLD;00001086;          ;0;0;0;0;0;0;;;;0.1;0.01;1;0;;;;N;0;29/04/2026 20:33:58;ADMIN          ;1104;1104;
;SIFON AMPOLO 20*10 CM GOLD;00001087;          ;0;0;0;0;0;0;;;;0.1;0.01;;0;;;;N;0;29/04/2026 20:36:15;ADMIN          ;1105;1105;
SIF;SIFON AMPOLO 40*10 CM GOLD;00001088;          ;0;0;0;0;0;0;;;;0.1;0.01;1;0;;;;N;1;29/04/2026 20:37:36;ADMIN          ;1106;1106;
53609-4;SIFON SPANE INOX  30CM CHROME;00001089;          ;0;0;0;0;0;0;;;;0.1;0.01;1;0;;;;N;0;29/04/2026 20:40:42;ADMIN          ;1107;1107;
53242-3;DOUCHETTE APARONE CHROME;00001090;          ;0;0;0;0;0;0;;;;0.1;0.01;1;0;;;;N;0;29/04/2026 20:43:26;ADMIN          ;1108;1108;
53319-6;MELONJOURE CHROME;00001091;          ;0;0;0;0;0;0;;;;0.1;0.01;1;0;;;;N;0;29/04/2026 20:47:21;ADMIN          ;1109;1109;
53455-4;MELONJOUR CHROME;00001092;          ;0;0;0;0;0;0;;;;0.1;0.01;1;0;;;;N;0;29/04/2026 20:50:01;ADMIN          ;1110;1110;
53455-6;MELONJOUR GOLD;00001093;          ;0;0;0;0;0;0;;;;0.1;0.01;1;0;;;;N;0;29/04/2026 20:51:07;ADMIN          ;1111;1111;
53455-7;MELONJOUR ROZ GOLD;00001094;          ;0;0;0;0;0;0;;;;0.1;0.01;1;0;;;;N;0;29/04/2026 20:52:14;ADMIN          ;1112;1112;
53190-1;MELONJOUR CHROME;00001095;          ;0;0;0;0;0;0;;;;0.1;0.01;1;0;;;;N;0;29/04/2026 20:53:34;ADMIN          ;1113;1113;
53291-3;MELONJOUR GOLD;00001096;          ;0;0;0;0;0;0;;;;0.1;0.01;1;0;;;;N;0;29/04/2026 20:55:11;ADMIN          ;1114;1114;
53291-2;MELONJOUR NOIR;00001097;          ;0;0;0;0;0;0;;;;0.1;0.01;1;0;;;;N;0;29/04/2026 20:56:24;ADMIN          ;1115;1115;
53291-10;MELONJOUR NOIR;00001098;          ;0;0;0;0;0;0;;;;0.1;0.01;1;0;;;;N;0;29/04/2026 20:57:29;ADMIN          ;1116;1116;
53297-10;MELONJOUR NOIR;00001099;          ;0;0;0;0;0;0;;;;0.1;0.01;1;0;;;;N;0;29/04/2026 20:58:30;ADMIN          ;1117;1117;
53297-11;MELONJOUR GOLD;00001100;          ;0;0;0;0;0;0;;;;0.1;0.01;1;0;;;;N;0;29/04/2026 20:59:36;ADMIN          ;1118;1118;
53319-8;MELONJOUR CUISINE GOLD;00001101;          ;0;0;0;0;0;0;;;;0.1;0.01;1;0;;;;N;0;29/04/2026 21:00:55;ADMIN          ;1119;1119;
53236-2;MELONJOUR CUISINE NOIR;00001102;          ;0;0;0;0;0;0;;;;0.1;0.01;1;0;;;;N;0;29/04/2026 21:02:10;ADMIN          ;1120;1120;
53291-12;MELONJOUR PRONCHE GOLD;00001103;          ;0;0;0;0;0;0;;;;0.1;0.01;1;0;;;;N;0;29/04/2026 21:03:29;ADMIN          ;1121;1121;
53276-5;PORTE SAVON GOLD 30 CM;00001104;          ;0;0;0;0;0;0;;;;0.1;0.01;1;0;;;;N;0;29/04/2026 21:06:30;ADMIN          ;1122;1122;
53276-4;PORTE SAVON CHROME 30 CM;00001105;          ;0;0;0;0;0;0;;;;0.1;0.01;1;0;;;;N;0;29/04/2026 21:08:14;ADMIN          ;1123;1123;
52457-11;PORTE SAVON NOIR 20 CM;00001106;          ;0;0;0;0;0;0;;;;0.1;0.01;1;0;;;;N;0;29/04/2026 21:11:31;ADMIN          ;1124;1124;
53276-9;PORTE SERVETTE GOLD;00001107;          ;0;0;0;0;0;0;;;;0.1;0.01;1;0;;;;N;0;29/04/2026 21:15:24;ADMIN          ;1125;1125;
53276-8;PORTE SERVETTE CHROME;00001108;          ;0;0;0;0;0;0;;;;0.1;0.01;1;0;;;;N;0;29/04/2026 21:19:33;ADMIN          ;1126;1126;
412-17;LAMPE LESTER DECOR;00001109;          ;0;0;0;0;0;0;;;;0.1;0.01;1;0;;;;N;0;29/04/2026 21:23:25;ADMIN          ;1127;1127;
53539-1;EXESOIR SANETER AM POLO CHROME;00001110;          ;0;0;0;0;0;0;;;;0.1;0.01;1;0;;;;N;0;29/04/2026 21:29:11;ADMIN          ;1128;1128;
53285-9;PORTE SERVETTE GOLD;00001111;          ;0;0;0;0;0;0;;;;0.1;0.01;1;0;;;;N;0;29/04/2026 21:59:24;ADMIN          ;1129;1129;
53285-7;PORTE SERVETTE CHROME;00001112;          ;0;0;0;0;0;0;;;;0.1;0.01;1;0;;;;N;0;29/04/2026 22:01:36;ADMIN          ;1130;1130;
53539-3;EXESOIR SANETER GOLD;00001113;          ;0;0;0;0;0;0;;;;0.1;0.01;1;0;;;;N;0;29/04/2026 22:03:57;ADMIN          ;1131;1131;
F04-1;PORTE SAVON CHROME;00001114;          ;0;0;0;0;0;0;;;;0.1;0.01;1;0;;;;N;0;29/04/2026 22:17:14;ADMIN          ;1132;1132;
421-13;LAMPE LESTER DECORE;00001115;          ;0;0;0;0;0;0;;;;0.1;0.01;1;0;;;;N;0;29/04/2026 22:19:32;ADMIN          ;1133;1133;
INTIR;INTIRIBTUER NOIR;00001116;          ;0;0;0;0;0;0;;;;0.1;0.01;1;0;;;;N;0;29/04/2026 22:37:33;ADMIN          ;1134;1134;
A113;LAMPE LED A 113;00001117;          ;0;0;0;0;0;0;;;;0.1;0.01;1;0;;;;N;1;29/04/2026 22:49:19;ADMIN          ;1135;1135;
A114;LAMPE LED A 114;00001118;          ;0;0;0;0;0;0;;;;0.1;0.01;1;0;;;;N;1;29/04/2026 22:50:58;ADMIN          ;1136;1136;
D.INTER;DOUBLE INTIRIBTEURE NOIR;00001119;          ;0;0;0;0;0;0;;;;0.1;0.01;1;0;;;;N;0;29/04/2026 23:36:03;ADMIN          ;1137;1137;
D.INTER;DOUBLE INTERUPTEURE GRAY;00001120;          ;0;0;0;0;0;0;;;;0.1;0.01;1;0;;;;N;0;29/04/2026 23:41:29;ADMIN          ;1138;1138;
BAG 2CM;BAGUETTE 2 CM;00001121;          ;700;100;100;0;0;0;;;;0.1;0.01;1;0;;18/04/2026;;N;0;30/04/2026 00:39:57;ADMIN          ;1139;1139;
GRAT D;GRATTOIRE D;00001122;          ;2;1200;1200;0;0;0;;;;0.1;0.01;1;0;;18/04/2026;;N;0;30/04/2026 00:45:37;ADMIN          ;1140;1140;
REGLEY;REGLEY 1M80;00001123;          ;1;3600;3600;0;0;0;;;;0.1;0.01;1;0;;18/04/2026;;N;0;30/04/2026 00:48:10;ADMIN          ;1141;1141;
LISSEUS MAN;LISSEUSE MANCHE BOIS;00001124;          ;1;1500;1500;0;0;0;;;;0.1;0.01;1;0;;18/04/2026;;N;0;30/04/2026 00:50:35;ADMIN          ;1142;1142;
REGLE NIV;REGLE NIVEAU 1M50;00001125;          ;1;5500;5500;0;0;0;;;;0.1;0.01;1;0;;18/04/2026;;N;0;30/04/2026 00:52:34;ADMIN          ;1143;1143;
PORCELAIN 160*80;PORCELAIN DOME RECTIF160*80 VIV 2EME CHOIX;00001126;          ;102.4;1750;1750;0;0;0;;;;0.1;0.01;1;0;;14/04/2026;;N;0;30/04/2026 03:44:07;ADMIN          ;1144;1144;
PORCELAIN 160*80;PORCELAIN LUX GREY RECTIF 160*80 2EME CHOIX;00001127;          ;102.4;1750;1750;0;0;0;;;;0.1;0.01;1;0;;14/04/2026;;N;0;30/04/2026 03:46:37;ADMIN          ;1145;1145;
PORCELAIN 90*90;PORCELAIN BALI RECTIF 90*90 VIVAT 2EME CHOIX;00001128;          ;192;1100;1100;0;0;0;;;;0.1;0.01;1;0;;14/04/2026;;N;0;30/04/2026 03:48:43;ADMIN          ;1146;1146;
PORCELAIN 90*90;PORCELAIN SUNNY RECTIF 90*90 VIVAT 2EME CHOIX;00001129;          ;192;1100;1100;0;0;0;;;;0.1;0.01;1;0;;14/04/2026;;N;0;30/04/2026 03:50:48;ADMIN          ;1147;1147;
PLAQUE SAND;PLAQUESANDORA BEIGE EXTRA POLI 2EME CHOIX;00001130;          ;280;780;780;0;0;0;;;;0.1;0.01;1;0;;14/04/2026;;N;0;30/04/2026 03:53:01;ADMIN          ;1148;1148;
PLAQUE PULPIS;PLAQUE PULPIS GREY EXTRA POLI;00001131;          ;280;780;780;0;0;0;;;;0.1;0.01;1;0;;14/04/2026;;N;0;30/04/2026 03:55:07;ADMIN          ;1149;1149;
CADRE TAK;CADRE TAKLIDI;00001132;          ;0;0;0;0;0;0;;;;0.1;0.01;1;0;;;;N;0;30/04/2026 04:22:00;ADMIN          ;1150;1150;
CADRE MAKA;CADRE MAKA;00001133;          ;0;0;0;0;0;0;;;;0.1;0.01;;0;;;;N;0;30/04/2026 04:25:44;ADMIN          ;1151;1151;
CAD RICH;CADRE METAL RICHA;00001134;          ;0;0;0;0;0;0;;;;0.1;0.01;1;0;;;;N;0;30/04/2026 05:34:29;ADMIN          ;1152;1152;
CAD SHAN;CADRE METAL SHAN;00001135;          ;0;0;0;0;0;0;;;;0.1;0.01;1;0;;;;N;0;30/04/2026 05:38:06;ADMIN          ;1153;1153;
CAD WOROD;CADRE METAL WOROD;00001136;          ;0;0;0;0;0;0;;;;0.1;0.01;1;0;;;;N;0;30/04/2026 05:40:40;ADMIN          ;1154;1154;
CAD ROOM;CADRE METAL ROOM;00001137;          ;0;0;0;0;0;0;;;;0.1;0.01;1;0;;;;N;0;30/04/2026 05:44:02;ADMIN          ;1155;1155;
CAD 3 PIESE;CADRE FLEUR PETITE SERIE DE 3PIESE;00001138;          ;0;0;0;0;0;0;;;;0.1;0.01;1;0;;;;N;0;30/04/2026 06:08:14;ADMIN          ;1156;1156;
;CADRE FLEUR GRAND SERIE DE 3 PIESE;00001139;CAD 3 PIES;0;0;0;0;0;0;;;;0.1;0.01;1;0;;;;N;0;30/04/2026 06:12:10;ADMIN          ;1157;1157;
;CADRE BIOS;00001140;          ;0;0;0;0;0;0;;;;0.1;0.01;1;0;;;;N;0;30/04/2026 06:21:05;ADMIN          ;1158;1158;
;BAGUET DE COIN;00001141;          ;0;0;0;0;0;0;;;;0.1;0.01;1;100;;;;N;0;02/05/2026 20:41:01;ADMIN          ;1159;1159;
;HM PERLA 21;00001142;          ;0;0;0;0;0;0;;;;0.1;0.01;1;0;;;;N;0;02/05/2026 22:38:49;ADMIN          ;1160;1160;
;BAGUETTE 2CM;00001143;          ;0;0;0;0;0;0;;;;0.1;0.01;1;0;;;;N;0;02/05/2026 22:42:46;ADMIN          ;1161;1161;
;GRATTOIRE D;00001144;          ;0;0;0;0;0;0;;;;0.1;0.01;1;0;;;;N;0;02/05/2026 22:46:40;ADMIN          ;1162;1162;
;REGLEY 1M80;00001145;          ;0;0;0;0;0;0;;;;0.1;0.01;1;0;;;;N;0;02/05/2026 22:52:23;ADMIN          ;1163;1163;
;LISSEUSE MANCHE BIOS;00001146;          ;0;0;0;0;0;0;;;;0.1;0.01;1;0;;;;N;0;02/05/2026 22:55:40;ADMIN          ;1164;1164;
;REGLE NIVEAU 1M50;00001147;          ;0;0;0;0;0;0;;;;0.1;0.01;1;0;;;;N;0;02/05/2026 23:00:09;ADMIN          ;1165;1165;
;PORCELAIN DOME RECTIF 160*80 VIV;00001148;          ;0;0;0;0;0;0;;;;0.1;0.01;1;0;;;;N;0;02/05/2026 23:10:46;ADMIN          ;1166;1166;
;PORCELAIN LEX GREY RECTTF 160*80;00001149;          ;0;0;0;0;0;0;;;;0.1;0.01;1;0;;;;N;0;02/05/2026 23:12:42;ADMIN          ;1167;1167;
;PORCELAIN BALI RECTIF 90*90 VIVAT;00001150;          ;0;0;0;0;0;0;;;;0.1;0.01;1;0;;;;N;0;02/05/2026 23:14:09;ADMIN          ;1168;1168;
;PORCELAIN SUNNY RECTIF 90*90 VIVAT;00001151;          ;0;0;0;0;0;0;;;;0.1;0.01;1;0;;;;N;0;02/05/2026 23:15:38;ADMIN          ;1169;1169;
;PLAQUE SANDORA BEIGE EXTRA POLI;00001152;          ;0;0;0;0;0;0;;;;0.1;0.01;1;0;;;;N;0;02/05/2026 23:17:23;ADMIN          ;1170;1170;
;PLAQUE PULPIS GREY EXTRA POLI RECTIF;00001153;          ;0;0;0;0;0;0;;;;0.1;0.01;1;0;;;;N;0;02/05/2026 23:19:02;ADMIN          ;1171;1171;
IP 65;LED STRET LAMPE 50W;00001154;          ;0;0;0;0;0;0;;;;0.1;0.01;1;0;;;;N;1;04/05/2026 04:22:47;ADMIN          ;1172;1172;
IP 65;LED STREET LAMPE 25W;00001155;          ;0;0;0;0;0;0;;;;0.1;0.01;1;0;;;;N;1;04/05/2026 04:23:40;ADMIN          ;1173;1173;
52227-5;COLLON DOUCHE ENCASTRE CHROME;00001156;          ;0;0;0;0;0;0;;;;0.1;0.01;1;0;;;;N;1;04/05/2026 06:34:55;ADMIN          ;1174;1174;
;2EME CHOIX PORCELAIN DOME CREMA RECTIF 120;00001157;          ;0;0;0;0;0;0;;;;0.1;0.01;1;0;;;;N;0;09/05/2026 04:12:55;ADMIN          ;1175;1175;
;2EME CHOIX PORCELAIN VERSAILLE GRIS RECTIF 1;00001158;          ;0;0;0;0;0;0;;;;0.1;0.01;1;0;;;;N;0;09/05/2026 04:16:19;ADMIN          ;1176;1176;
;2EME CHOIX FAIENCE CHICAGO BEIGE RECTIF 45*9;00001159;          ;0;0;0;0;0;0;;;;0.1;0.01;1;0;;;;N;0;09/05/2026 04:21:08;ADMIN          ;1177;1177;
;DILUANT 5 KG;00001160;          ;0;0;0;0;0;0;;;;0.1;0.01;1;0;;;;N;0;18/05/2026 04:05:29;ADMIN          ;1178;1178;
;VIS 4.5;00001161;          ;0;0;0;0;0;0;;;;0.1;0.01;1;0;;;;N;0;18/05/2026 04:08:02;ADMIN          ;1179;1179;
;PASTA ROZA;00001162;          ;0;0;0;0;0;0;;;;0.1;0.01;1;0;;;;N;0;10/06/2026 07:07:00;ADMIN          ;1180;1180;
;MONOCOUCHE GRIS;00001163;          ;0;0;0;0;0;0;;;;0.1;0.01;1;0;;;;N;0;10/06/2026 07:13:10;ADMIN          ;1181;1181;
;FIXATEUR OXAR JAUNE 20KLG;00001164;          ;0;0;0;0;0;0;;;;0.1;0.01;1;0;;;;N;0;10/06/2026 07:18:47;ADMIN          ;1182;1182;
;CMP 160*80 ITALIA GRIS - VIVA PRCL CHOIX;00001165;          ;0;0;0;0;0;0;;;;0.1;0.01;1;0;;;;N;0;08/07/2026 05:01:00;ADMIN          ;1183;1183;
1;CMP 120;00001166;CAD 3 PIES;0;0;0;0;0;0;;;;0.1;0.01;1;44;;;;N;0;10/07/2026 22:34:32;ADMIN          ;1184;1184;
;CMP 120*60 OLED-VIVA CH CCL POLI RECT;00001167;          ;0;0;0;950;0;1800;;;;0.1;0.01;1;0;;;;N;0;10/07/2026 22:36:18;ADMIN          ;1185;1185;
;DAL 60*60 MALTA - TIMGAD 2CH / GRIS RECTIFIE;00001168;          ;0;0;0;600;0;1140;;;;0.1;0.01;1;0;;;;N;0;10/07/2026 22:38:55;ADMIN          ;1186;1186;
;DAL 45 BROOKLYN- NEWTECH CERAM 2CH GRIS;00001169;          ;0;0;0;500;0;950;;;;0.1;0.01;1;0;;;;N;0;10/07/2026 22:40:39;ADMIN          ;1187;1187;
;DAL 120*60 CRYSTAL DEIGE TIMGAD CERAM 2CH - RECTIFE MT;00001170;          ;0;0;0;600;0;1140;;;;0.1;0.01;1;0;;;;N;0;10/07/2026 22:42:42;ADMIN          ;1188;1188;
;DAL 120*60 MALTA - TIMGAD 2CH / GRIS RECTIFIE;00001171;          ;0;0;0;600;0;1140;;;;0.1;0.01;1;0;;;;N;0;10/07/2026 22:44:22;ADMIN          ;1189;1189;
;DAL 120*60 TRAVERTINO BEIGE BCERAM 2CH RECTIFE RELIEF;00001172;          ;0;0;0;650;0;1235;;;;0.1;0.01;1;0;;;;N;0;10/07/2026 22:46:18;ADMIN          ;1190;1190;
;CMP 160*80 ITALIA GRIS - VIVA PRCL CHOIX COMECIEL;00001173;          ;0;0;0;2300;0;4370;;;;0.1;0.01;1;0;;;;N;0;10/07/2026 22:48:17;ADMIN          ;1191;1191;
